id,question,difficulty,source_year,response,context_recall,context_precision,faithfulness,answer_relevancy,answer_correctness,year_correct,manual_correct,retrieved_contexts
q01,2025년 의료급여 1종 수급권자의 외래 본인부담금은 의료급여기관별로 얼마인가요?,easy,2025,"검색된 문맥에서는 2025, 2026년 자료가 확인되지만 질문에 필요한 근거를 충분히 찾지 못했습니다.",0.0,0.0,0.45,0.35,0.0,False,False,"[{""chunk_id"": ""2026-p04-01"", ""source_year"": ""2026"", ""page"": 4, ""score"": 0.2588, ""text"": ""2026 알기 쉬운 의료급여제도 01. 의료급여제도 개요 02. 의료급여 절차 03. 의료급여 본인일부부담금 04. 2025년 변경된 의료급여제도 05. 의료급여기준 이력관리시스템 5 6 9 13 15 • 의료급여제도 • Ⅰ""}, {""chunk_id"": ""2026-p03-01"", ""source_year"": ""2026"", ""page"": 3, ""score"": 0.2194, ""text"": ""Ⅰ 의료급여제도 1. 의료급여제도 개요 2. 의료급여 절차 3. 의료급여 본인일부부담금 4. 2025년 변경된 의료급여제도 5. 의료급여기준 이력관리시스템 4 5 8 1 2 1 4 Ⅰ Ⅱ 자주하는 질문 1. 의료급여기준 2. 의료급여 절차 3. 선택의료급여기관 이용절차 4. 수가 기준 및 청구방법 5. 의료급여 정신질환 기준 6. 본인일부부담금 적용 7. 경증질환 약제비 본인부담 차등제 1 6 1 7 23 25 27 30 33 Ⅱ Contents""}, {""chunk_id"": ""2025-p02-01"", ""source_year"": ""2025"", ""page"": 2, ""score"": 0.2076, ""text"": ""2025 알기 쉬운 의료급여제도""}, {""chunk_id"": ""2025-p32-01"", ""source_year"": ""2025"", ""page"": 32, ""score"": 0.2062, ""text"": ""32 •2025 알기 쉬운 의료급여제도 65세 이상 틀니 진료 시 본인부담률은 어떻게 되나요? Q49 65세 이상 수급권자가 등록된 틀니에 대한 의료급여를 입원 또는 외래에서 받은 경우 본인부담률은 1종수급권자는 5%이며, 2종수급권자는 15%입니다. ※관련근거 : 「의료급여법 시행령」[별표1] 제1호라목, 제2호마목 A 65세 이상 치과 임플란트 진료 시 본인부담률은 어떻게 되나요? Q50 65세 이상 수급권자가 등록된 임플란트에 대한 의료급여를 입원 또는 외래에서 받은 경우 본인부담률은 1종수급권자는 10%, 2종수급권자는 20%입니다. ※관련근거 : 「의료급여법 시행령」[별표1] 제1호마목, 제2호바목 A 의료급여수급권자의 입원 식대 본인부담률은 얼마인가요? Q51 식대 본인부담률은 식대 금액의 20%입니다. 다만, 중증질환자에게 해당 중증질환(합병증 포함)으로 진료한 경우에는 식대 금액의 5%이며 행려환자, 자연분만 및 6세미만의 아동의 입원진료의 경우에는 식대 본인부담금을 면제합니다. ※관련근거 : 「의료급여법 시행규칙」[별표1의2], 「의료급여수가의 기준 및 일반기준」제23조 A 의료급여 2종수급권자 중 15세 이하 아동이 입원한 경우, 본인부담 적용은 어떻게 되나요? Q52 6세 미만의 아동은 식대를 포함한 입원 진료비가 면제 적용됩니다. 6세 이상 15세 이하 아동인 경우는 입원 본인부담률이 3%이나, 식대 본인부담률은 20%를 적용받습니다. ※관련근거 : 「의료급여법 시행령」[별표1] 제2호 A""}, {""chunk_id"": ""2025-p04-01"", ""source_year"": ""2025"", ""page"": 4, ""score"": 0.2007, ""text"": ""2025 알기 쉬운 의료급여제도 Ⅰ 의료급여제도 01. 의료급여제도 개요 02. 의료급여 절차 03. 의료급여 본인일부부담금 04. 2024년 변경된 의료급여제도 05. 의료급여기준 이력관리시스템 5 6 9 13 15""}]"
q02,2026년 의료급여 2종 수급권자의 외래 본인부담금과 부담률은 어떻게 되나요?,easy,2026,"검색된 문맥에서는 2025, 2026년 자료가 확인되지만 질문에 필요한 근거를 충분히 찾지 못했습니다.",0.0,0.0,0.45,0.35,0.1062,False,False,"[{""chunk_id"": ""2025-p32-01"", ""source_year"": ""2025"", ""page"": 32, ""score"": 0.3776, ""text"": ""32 •2025 알기 쉬운 의료급여제도 65세 이상 틀니 진료 시 본인부담률은 어떻게 되나요? Q49 65세 이상 수급권자가 등록된 틀니에 대한 의료급여를 입원 또는 외래에서 받은 경우 본인부담률은 1종수급권자는 5%이며, 2종수급권자는 15%입니다. ※관련근거 : 「의료급여법 시행령」[별표1] 제1호라목, 제2호마목 A 65세 이상 치과 임플란트 진료 시 본인부담률은 어떻게 되나요? Q50 65세 이상 수급권자가 등록된 임플란트에 대한 의료급여를 입원 또는 외래에서 받은 경우 본인부담률은 1종수급권자는 10%, 2종수급권자는 20%입니다. ※관련근거 : 「의료급여법 시행령」[별표1] 제1호마목, 제2호바목 A 의료급여수급권자의 입원 식대 본인부담률은 얼마인가요? Q51 식대 본인부담률은 식대 금액의 20%입니다. 다만, 중증질환자에게 해당 중증질환(합병증 포함)으로 진료한 경우에는 식대 금액의 5%이며 행려환자, 자연분만 및 6세미만의 아동의 입원진료의 경우에는 식대 본인부담금을 면제합니다. ※관련근거 : 「의료급여법 시행규칙」[별표1의2], 「의료급여수가의 기준 및 일반기준」제23조 A 의료급여 2종수급권자 중 15세 이하 아동이 입원한 경우, 본인부담 적용은 어떻게 되나요? Q52 6세 미만의 아동은 식대를 포함한 입원 진료비가 면제 적용됩니다. 6세 이상 15세 이하 아동인 경우는 입원 본인부담률이 3%이나, 식대 본인부담률은 20%를 적용받습니다. ※관련근거 : 「의료급여법 시행령」[별표1] 제2호 A""}, {""chunk_id"": ""2026-p32-01"", ""source_year"": ""2026"", ""page"": 32, ""score"": 0.3745, ""text"": ""31 Ⅱ. 자주하는 질문 • 65세 이상 틀니 진료 시 본인부담률은 어떻게 되나요? Q48 65세 이상 수급권자가 등록된 틀니에 대한 의료급여를 입원 또는 외래에서 받은 경우 본인부담률은 1종수급권자는 5%이며, 2종수급권자는 15%입니다. ※관련근거: 「의료급여법 시행령」[별표1] 제1호라목, 제2호마목 A 65세 이상 치과 임플란트 진료 시 본인부담률은 어떻게 되나요? Q49 65세 이상 수급권자가 등록된 임플란트에 대한 의료급여를 입원 또는 외래에서 받은 경우 본인부담률은 1종수급권자는 10%, 2종수급권자는 20%입니다. ※관련근거: 「의료급여법 시행령」[별표1] 제1호마목, 제2호바목 A 의료급여수급권자의 입원 식대 본인부담률은 얼마인가요? Q50 식대 본인부담률은 식대 금액의 20%입니다. 다만, 중증질환자에게 해당 중증질환(합병증 포함)으로 진료한 경우에는 식대 금액의 5%이며 행려환자, 자연분만 및 6세미만의 아동의 입원진료의 경우에는 식대 본인부담금을 면제합니다. ※관련근거: 「의료급여법 시행규칙」[별표1의2], 「의료급여수가의 기준 및 일반기준」제23조 A 의료급여 2종수급권자 중 15세 이하 아동이 입원한 경우, 본인부담 적용은 어떻게 되나요? Q51 6세 미만의 아동은 식대를 포함한 입원 진료비가 면제 적용됩니다. 6세 이상 15세 이하 아동인 경우는 입원 본인부담률이 3%이나, 식대 본인부담률은 20%를 적용받습니다. ※관련근거: 「의료급여법 시행령」[별표1] 제2호 A""}, {""chunk_id"": ""2026-p31-01"", ""source_year"": ""2026"", ""page"": 31, ""score"": 0.2029, ""text"": ""30 •2026 알기 쉬운 의료급여제도 의료급여 선별급여 본인부담은 건강보험 선별급여 본인부담과 다른가요? Q47 건강보험과 동일한 30~90% 본인부담률을 적용받습니다. ※관련근거: 「의료급여수가의 기준 및 일반기준」제23조의2 A 본인일부부담금 적용 06 건강보험 본인일부부담금 산정특례대상이 의료급여수급권자에게도 동일하게 적용되나요? Q44 산정특례 대상의 경우, 정신질환과 치매질환을 제외하고 건강보험과 동일하게 적용됩니다. ※관련근거: 「의료급여수가의 기준 및 일반기준」[별표2] A 의료급여 등록 희귀질환자인 경우, 등록된 희귀질환이 아닌 다른 상병으로 외래진료를 받을 경우에도 본인부담금이 면제되나요? Q45 보건복지부장관이 정하여 고시하는 결핵질환, 희귀난치성질환 또는 중증질환을 가진 사람이 외래진료를 받을 경우 급여비용총액 전부를 기금에서 부담하여, 해당 질환 이외의 상병으로 외래진료를 받은 경우에도 본인일부부담금이 면제됩니다. ※관련근거: 「의료급여법 시행령」[별표1] 제1호다목 A 계약의사가 사회복지시설에 입소 중인 의료급여수급권자에게 진료를 한 경우 산정되는 수가와 본인부담금은 어떻게 되나요? Q46 의료급여기관에 소속된 계약의사가 시설 내에서 진료 후 사회복지시설 입소자에게 원외처방전을 발행하거나 원내 직접조제·투약한 경우 건강보험과 동일한 수가를 산정하며, 본인일부부담금은 1·2 종 수급권자를 불문하고 1,000원~1,500원을 부담합니다. 단, 1종수급권자 중 외래본인부담면제자의 경우 본인부담금을 면제합니다. ※관련근거: 「의료급여수가의 기준 및 일반기준」제17조의5 A""}, {""chunk_id"": ""2025-p31-01"", ""source_year"": ""2025"", ""page"": 31, ""score"": 0.2001, ""text"": ""31 Ⅱ. 자주하는 질문 • 의료급여 선별급여 본인부담은 건강보험 선별급여 본인부담과 다른가요? Q48 건강보험과 동일한 30~90% 본인부담률을 적용받습니다. ※관련근거 : 「의료급여수가의 기준 및 일반기준」제23조의2 A 본인일부부담금 적용 06 건강보험 본인일부부담금 산정특례대상이 의료급여수급권자에게도 동일하게 적용되나요? Q45 산정특례 대상의 경우, 정신질환과 치매질환을 제외하고 건강보험과 동일하게 적용됩니다. ※관련근거 : 「의료급여수가의 기준 및 일반기준」[별표2] A 의료급여 등록 희귀질환자인 경우, 등록된 희귀질환이 아닌 다른 상병으로 외래진료를 받을 경우에도 본인부담금이 면제되나요? Q46 보건복지부장관이 정하여 고시하는 결핵질환, 희귀난치성질환 또는 중증질환을 가진 사람이 외래진료를 받을 경우 급여비용총액 전부를 기금에서 부담하여, 해당 질환 이외의 상병으로 외래진료를 받은 경우에도 본인일부부담금이 면제됩니다. ※관련근거 : 「의료급여법 시행령」[별표1] 제1호다목 A 계약의사가 사회복지시설에 입소 중인 의료급여수급권자에게 진료를 한 경우 산정되는 수가와 본인부담금은 어떻게 되나요? Q47 의료급여기관에 소속된 계약의사가 시설 내에서 진료 후 사회복지시설 입소자에게 원외처방전을 발행하거나 원내 직접조제·투약한 경우 건강보험과 동일한 수가를 산정하며, 본인일부부담금은 1·2종 수급권자를 불문하고 1,000원~1,500원을 부담합니다. 단, 1종수급권자 중 외래본인부담면제자의 경우 본인부담금을 면제합니다. ※관련근거 : 「의료급여수가의 기준 및 일반기준」제17조의5 A""}, {""chunk_id"": ""2026-p33-01"", ""source_year"": ""2026"", ""page"": 33, ""score"": 0.1877, ""text"": ""32 •2026 알기 쉬운 의료급여제도 의료급여 2종수급권자인 18세 이하 아동이 입원진료 중에 치아홈메우기 진료를 시행한 경우, 본인부담 적용은 어떻게 되나요? Q52 치아홈메우기 급여비용을 포함한 전체 급여비용에 대하여 6세 미만 아동은 면제가 되고, 6세 이상 15세 이하 아동은 본인부담률 3%를 적용받습니다. 16세 이상 18세 이하 아동인 경우에는 치아홈메우기 급여비용에 한하여 본인부담률 5%를 적용받습니다. ※관련근거: 「의료급여법 시행령」[별표1] 제2호 A 본인부담금 보상제 및 상한제는 모든 급여대상 본인부담금 기준으로 보상을 하나요? Q53 본인부담금 보상제 및 상한제는 수급권자의 급여대상 본인부담금이 대통령령에서 정하는 금액을 초과한 경우, 그 초과금액의 전액에 해당하는 금액을 보상해주는 제도입니다. 그러나 비급여대상, 100/100 본인부담 진료비, 65세 이상 치과 틀니 및 임플란트 비용, 상급병실(2ㆍ3인실) 입원료, 추나요법 및 연장승인 미신청 등으로 인한 본인부담금 등은 지급에서 제외 됩니다. A""}]"
q03,2025년 의료급여수급권자의 입원 식대 본인부담률은 얼마인가요?,medium,2025,"2025년 의료급여 입원 식대 본인부담률은 1종과 2종 모두 20%이고, 2종장애인 중증질환자는 5%이며 행려환자, 자연분만, 6세 미만 아동은 무료입니다.",1.0,0.8667,0.8571,0.8167,1.0,True,True,"[{""chunk_id"": ""2025-p32-01"", ""source_year"": ""2025"", ""page"": 32, ""score"": 0.4451, ""text"": ""32 •2025 알기 쉬운 의료급여제도 65세 이상 틀니 진료 시 본인부담률은 어떻게 되나요? Q49 65세 이상 수급권자가 등록된 틀니에 대한 의료급여를 입원 또는 외래에서 받은 경우 본인부담률은 1종수급권자는 5%이며, 2종수급권자는 15%입니다. ※관련근거 : 「의료급여법 시행령」[별표1] 제1호라목, 제2호마목 A 65세 이상 치과 임플란트 진료 시 본인부담률은 어떻게 되나요? Q50 65세 이상 수급권자가 등록된 임플란트에 대한 의료급여를 입원 또는 외래에서 받은 경우 본인부담률은 1종수급권자는 10%, 2종수급권자는 20%입니다. ※관련근거 : 「의료급여법 시행령」[별표1] 제1호마목, 제2호바목 A 의료급여수급권자의 입원 식대 본인부담률은 얼마인가요? Q51 식대 본인부담률은 식대 금액의 20%입니다. 다만, 중증질환자에게 해당 중증질환(합병증 포함)으로 진료한 경우에는 식대 금액의 5%이며 행려환자, 자연분만 및 6세미만의 아동의 입원진료의 경우에는 식대 본인부담금을 면제합니다. ※관련근거 : 「의료급여법 시행규칙」[별표1의2], 「의료급여수가의 기준 및 일반기준」제23조 A 의료급여 2종수급권자 중 15세 이하 아동이 입원한 경우, 본인부담 적용은 어떻게 되나요? Q52 6세 미만의 아동은 식대를 포함한 입원 진료비가 면제 적용됩니다. 6세 이상 15세 이하 아동인 경우는 입원 본인부담률이 3%이나, 식대 본인부담률은 20%를 적용받습니다. ※관련근거 : 「의료급여법 시행령」[별표1] 제2호 A""}, {""chunk_id"": ""2026-p32-01"", ""source_year"": ""2026"", ""page"": 32, ""score"": 0.4393, ""text"": ""31 Ⅱ. 자주하는 질문 • 65세 이상 틀니 진료 시 본인부담률은 어떻게 되나요? Q48 65세 이상 수급권자가 등록된 틀니에 대한 의료급여를 입원 또는 외래에서 받은 경우 본인부담률은 1종수급권자는 5%이며, 2종수급권자는 15%입니다. ※관련근거: 「의료급여법 시행령」[별표1] 제1호라목, 제2호마목 A 65세 이상 치과 임플란트 진료 시 본인부담률은 어떻게 되나요? Q49 65세 이상 수급권자가 등록된 임플란트에 대한 의료급여를 입원 또는 외래에서 받은 경우 본인부담률은 1종수급권자는 10%, 2종수급권자는 20%입니다. ※관련근거: 「의료급여법 시행령」[별표1] 제1호마목, 제2호바목 A 의료급여수급권자의 입원 식대 본인부담률은 얼마인가요? Q50 식대 본인부담률은 식대 금액의 20%입니다. 다만, 중증질환자에게 해당 중증질환(합병증 포함)으로 진료한 경우에는 식대 금액의 5%이며 행려환자, 자연분만 및 6세미만의 아동의 입원진료의 경우에는 식대 본인부담금을 면제합니다. ※관련근거: 「의료급여법 시행규칙」[별표1의2], 「의료급여수가의 기준 및 일반기준」제23조 A 의료급여 2종수급권자 중 15세 이하 아동이 입원한 경우, 본인부담 적용은 어떻게 되나요? Q51 6세 미만의 아동은 식대를 포함한 입원 진료비가 면제 적용됩니다. 6세 이상 15세 이하 아동인 경우는 입원 본인부담률이 3%이나, 식대 본인부담률은 20%를 적용받습니다. ※관련근거: 「의료급여법 시행령」[별표1] 제2호 A""}, {""chunk_id"": ""2026-p04-01"", ""source_year"": ""2026"", ""page"": 4, ""score"": 0.1796, ""text"": ""2026 알기 쉬운 의료급여제도 01. 의료급여제도 개요 02. 의료급여 절차 03. 의료급여 본인일부부담금 04. 2025년 변경된 의료급여제도 05. 의료급여기준 이력관리시스템 5 6 9 13 15 • 의료급여제도 • Ⅰ""}, {""chunk_id"": ""2025-p02-01"", ""source_year"": ""2025"", ""page"": 2, ""score"": 0.1706, ""text"": ""2025 알기 쉬운 의료급여제도""}, {""chunk_id"": ""2025-p10-01"", ""source_year"": ""2025"", ""page"": 10, ""score"": 0.1451, ""text"": ""10 •2025 알기 쉬운 의료급여제도 ○ 잠복결핵 치료 관련 입원 및 외래진료 : 본인부담 면제 잠복결핵 치료 관련 진료 본인부담률 3 ○ 인체면역결핍바이러스질환자의 해당상병 입원 및 외래진료 : 본인부담 면제 인체면역결핍바이러스질환자 관련 진료 본인부담률 4 입원 식대 본인부담률 5 구분 본인부담률 1종·2종 20% 2종장애인 중증질환(합병증 포함) 5% 행려환자, 자연분만, 6세 미만 아동 무 료 ※ 본인부담 보상제·상한제 해당되지 않음, 2종장애인의 경우 장애인의료비 지원 없음 2, 3인실 입원료 본인부담률 6 구분 2인실 3인실 상급종합병원 50% 40% 종합병원·한방병원·정신병원·병원(치과·요양병원* 제외) *의료재활시설은 포함(’19.11.1.부터) 40% 30% ※ 본인부담 보상제·상한제 해당되지 않음, 2종장애인의 경우 장애인의료비 지원 없음 구분 틀니 임플란트 1종 5% 10% 2종 15% 20% 65세 이상 등록된 틀니 및 치과 임플란트 본인부담률 7""}]"
q04,2026년 65세 이상 의료급여 수급권자가 등록된 틀니 진료를 받을 때 본인부담률은 어떻게 되나요?,easy,2026,"2026년 65세 이상 수급권자가 등록된 틀니에 대한 의료급여를 받으면 본인부담률은 1종 수급권자 5%, 2종 수급권자 15%입니다.",1.0,0.9167,0.8,0.7038,1.0,False,True,"[{""chunk_id"": ""2025-p32-01"", ""source_year"": ""2025"", ""page"": 32, ""score"": 0.4782, ""text"": ""32 •2025 알기 쉬운 의료급여제도 65세 이상 틀니 진료 시 본인부담률은 어떻게 되나요? Q49 65세 이상 수급권자가 등록된 틀니에 대한 의료급여를 입원 또는 외래에서 받은 경우 본인부담률은 1종수급권자는 5%이며, 2종수급권자는 15%입니다. ※관련근거 : 「의료급여법 시행령」[별표1] 제1호라목, 제2호마목 A 65세 이상 치과 임플란트 진료 시 본인부담률은 어떻게 되나요? Q50 65세 이상 수급권자가 등록된 임플란트에 대한 의료급여를 입원 또는 외래에서 받은 경우 본인부담률은 1종수급권자는 10%, 2종수급권자는 20%입니다. ※관련근거 : 「의료급여법 시행령」[별표1] 제1호마목, 제2호바목 A 의료급여수급권자의 입원 식대 본인부담률은 얼마인가요? Q51 식대 본인부담률은 식대 금액의 20%입니다. 다만, 중증질환자에게 해당 중증질환(합병증 포함)으로 진료한 경우에는 식대 금액의 5%이며 행려환자, 자연분만 및 6세미만의 아동의 입원진료의 경우에는 식대 본인부담금을 면제합니다. ※관련근거 : 「의료급여법 시행규칙」[별표1의2], 「의료급여수가의 기준 및 일반기준」제23조 A 의료급여 2종수급권자 중 15세 이하 아동이 입원한 경우, 본인부담 적용은 어떻게 되나요? Q52 6세 미만의 아동은 식대를 포함한 입원 진료비가 면제 적용됩니다. 6세 이상 15세 이하 아동인 경우는 입원 본인부담률이 3%이나, 식대 본인부담률은 20%를 적용받습니다. ※관련근거 : 「의료급여법 시행령」[별표1] 제2호 A""}, {""chunk_id"": ""2026-p32-01"", ""source_year"": ""2026"", ""page"": 32, ""score"": 0.4756, ""text"": ""31 Ⅱ. 자주하는 질문 • 65세 이상 틀니 진료 시 본인부담률은 어떻게 되나요? Q48 65세 이상 수급권자가 등록된 틀니에 대한 의료급여를 입원 또는 외래에서 받은 경우 본인부담률은 1종수급권자는 5%이며, 2종수급권자는 15%입니다. ※관련근거: 「의료급여법 시행령」[별표1] 제1호라목, 제2호마목 A 65세 이상 치과 임플란트 진료 시 본인부담률은 어떻게 되나요? Q49 65세 이상 수급권자가 등록된 임플란트에 대한 의료급여를 입원 또는 외래에서 받은 경우 본인부담률은 1종수급권자는 10%, 2종수급권자는 20%입니다. ※관련근거: 「의료급여법 시행령」[별표1] 제1호마목, 제2호바목 A 의료급여수급권자의 입원 식대 본인부담률은 얼마인가요? Q50 식대 본인부담률은 식대 금액의 20%입니다. 다만, 중증질환자에게 해당 중증질환(합병증 포함)으로 진료한 경우에는 식대 금액의 5%이며 행려환자, 자연분만 및 6세미만의 아동의 입원진료의 경우에는 식대 본인부담금을 면제합니다. ※관련근거: 「의료급여법 시행규칙」[별표1의2], 「의료급여수가의 기준 및 일반기준」제23조 A 의료급여 2종수급권자 중 15세 이하 아동이 입원한 경우, 본인부담 적용은 어떻게 되나요? Q51 6세 미만의 아동은 식대를 포함한 입원 진료비가 면제 적용됩니다. 6세 이상 15세 이하 아동인 경우는 입원 본인부담률이 3%이나, 식대 본인부담률은 20%를 적용받습니다. ※관련근거: 「의료급여법 시행령」[별표1] 제2호 A""}, {""chunk_id"": ""2026-p33-01"", ""source_year"": ""2026"", ""page"": 33, ""score"": 0.223, ""text"": ""32 •2026 알기 쉬운 의료급여제도 의료급여 2종수급권자인 18세 이하 아동이 입원진료 중에 치아홈메우기 진료를 시행한 경우, 본인부담 적용은 어떻게 되나요? Q52 치아홈메우기 급여비용을 포함한 전체 급여비용에 대하여 6세 미만 아동은 면제가 되고, 6세 이상 15세 이하 아동은 본인부담률 3%를 적용받습니다. 16세 이상 18세 이하 아동인 경우에는 치아홈메우기 급여비용에 한하여 본인부담률 5%를 적용받습니다. ※관련근거: 「의료급여법 시행령」[별표1] 제2호 A 본인부담금 보상제 및 상한제는 모든 급여대상 본인부담금 기준으로 보상을 하나요? Q53 본인부담금 보상제 및 상한제는 수급권자의 급여대상 본인부담금이 대통령령에서 정하는 금액을 초과한 경우, 그 초과금액의 전액에 해당하는 금액을 보상해주는 제도입니다. 그러나 비급여대상, 100/100 본인부담 진료비, 65세 이상 치과 틀니 및 임플란트 비용, 상급병실(2ㆍ3인실) 입원료, 추나요법 및 연장승인 미신청 등으로 인한 본인부담금 등은 지급에서 제외 됩니다. A""}, {""chunk_id"": ""2025-p33-01"", ""source_year"": ""2025"", ""page"": 33, ""score"": 0.2154, ""text"": ""33 Ⅱ. 자주하는 질문 • 의료급여 2종수급권자인 18세 이하 아동이 입원진료 중에 치아홈메우기 진료를 시행한 경우, 본인부담 적용은 어떻게 되나요? Q53 치아홈메우기 급여비용을 포함한 전체 급여비용에 대하여 6세 미만 아동은 면제가 되고, 6세 이상 15세 이하 아동은 본인부담률 3%를 적용받습니다. 16세 이상 18세 이하 아동인 경우에는 치아홈메우기 급여비용에 한하여 본인부담률 5%를 적용받습니다. ※관련근거 : 「의료급여법 시행령」[별표1] 제2호 A 본인부담금 보상제 및 상한제는 모든 급여대상 본인부담금 기준으로 보상을 하나요? Q54 본인부담금 보상제 및 상한제는 수급권자의 급여대상 본인부담금이 대통령령에서 정하는 금액을 초과한 경우, 그 초과금액의 전액에 해당하는 금액을 보상해주는 제도입니다. 그러나 비급여대상, 100/100 본인부담 진료비, 65세 이상 치과 틀니 및 임플란트 비용, 상급병실(2ㆍ3인실) 입원료, 추나요법 및 연장승인 미신청 등으로 인한 본인부담금 등은 지급에서 제외 됩니다. A""}, {""chunk_id"": ""2026-p31-01"", ""source_year"": ""2026"", ""page"": 31, ""score"": 0.1893, ""text"": ""30 •2026 알기 쉬운 의료급여제도 의료급여 선별급여 본인부담은 건강보험 선별급여 본인부담과 다른가요? Q47 건강보험과 동일한 30~90% 본인부담률을 적용받습니다. ※관련근거: 「의료급여수가의 기준 및 일반기준」제23조의2 A 본인일부부담금 적용 06 건강보험 본인일부부담금 산정특례대상이 의료급여수급권자에게도 동일하게 적용되나요? Q44 산정특례 대상의 경우, 정신질환과 치매질환을 제외하고 건강보험과 동일하게 적용됩니다. ※관련근거: 「의료급여수가의 기준 및 일반기준」[별표2] A 의료급여 등록 희귀질환자인 경우, 등록된 희귀질환이 아닌 다른 상병으로 외래진료를 받을 경우에도 본인부담금이 면제되나요? Q45 보건복지부장관이 정하여 고시하는 결핵질환, 희귀난치성질환 또는 중증질환을 가진 사람이 외래진료를 받을 경우 급여비용총액 전부를 기금에서 부담하여, 해당 질환 이외의 상병으로 외래진료를 받은 경우에도 본인일부부담금이 면제됩니다. ※관련근거: 「의료급여법 시행령」[별표1] 제1호다목 A 계약의사가 사회복지시설에 입소 중인 의료급여수급권자에게 진료를 한 경우 산정되는 수가와 본인부담금은 어떻게 되나요? Q46 의료급여기관에 소속된 계약의사가 시설 내에서 진료 후 사회복지시설 입소자에게 원외처방전을 발행하거나 원내 직접조제·투약한 경우 건강보험과 동일한 수가를 산정하며, 본인일부부담금은 1·2 종 수급권자를 불문하고 1,000원~1,500원을 부담합니다. 단, 1종수급권자 중 외래본인부담면제자의 경우 본인부담금을 면제합니다. ※관련근거: 「의료급여수가의 기준 및 일반기준」제17조의5 A""}]"
q05,2025년 65세 이상 의료급여 수급권자의 치과 임플란트 본인부담률은 어떻게 되나요?,easy,2025,"2025년 65세 이상 수급권자가 등록된 치과 임플란트 의료급여를 받으면 본인부담률은 1종 수급권자 10%, 2종 수급권자 20%입니다.",1.0,0.8667,0.8,0.78,1.0,True,True,"[{""chunk_id"": ""2025-p32-01"", ""source_year"": ""2025"", ""page"": 32, ""score"": 0.4954, ""text"": ""32 •2025 알기 쉬운 의료급여제도 65세 이상 틀니 진료 시 본인부담률은 어떻게 되나요? Q49 65세 이상 수급권자가 등록된 틀니에 대한 의료급여를 입원 또는 외래에서 받은 경우 본인부담률은 1종수급권자는 5%이며, 2종수급권자는 15%입니다. ※관련근거 : 「의료급여법 시행령」[별표1] 제1호라목, 제2호마목 A 65세 이상 치과 임플란트 진료 시 본인부담률은 어떻게 되나요? Q50 65세 이상 수급권자가 등록된 임플란트에 대한 의료급여를 입원 또는 외래에서 받은 경우 본인부담률은 1종수급권자는 10%, 2종수급권자는 20%입니다. ※관련근거 : 「의료급여법 시행령」[별표1] 제1호마목, 제2호바목 A 의료급여수급권자의 입원 식대 본인부담률은 얼마인가요? Q51 식대 본인부담률은 식대 금액의 20%입니다. 다만, 중증질환자에게 해당 중증질환(합병증 포함)으로 진료한 경우에는 식대 금액의 5%이며 행려환자, 자연분만 및 6세미만의 아동의 입원진료의 경우에는 식대 본인부담금을 면제합니다. ※관련근거 : 「의료급여법 시행규칙」[별표1의2], 「의료급여수가의 기준 및 일반기준」제23조 A 의료급여 2종수급권자 중 15세 이하 아동이 입원한 경우, 본인부담 적용은 어떻게 되나요? Q52 6세 미만의 아동은 식대를 포함한 입원 진료비가 면제 적용됩니다. 6세 이상 15세 이하 아동인 경우는 입원 본인부담률이 3%이나, 식대 본인부담률은 20%를 적용받습니다. ※관련근거 : 「의료급여법 시행령」[별표1] 제2호 A""}, {""chunk_id"": ""2026-p32-01"", ""source_year"": ""2026"", ""page"": 32, ""score"": 0.4903, ""text"": ""31 Ⅱ. 자주하는 질문 • 65세 이상 틀니 진료 시 본인부담률은 어떻게 되나요? Q48 65세 이상 수급권자가 등록된 틀니에 대한 의료급여를 입원 또는 외래에서 받은 경우 본인부담률은 1종수급권자는 5%이며, 2종수급권자는 15%입니다. ※관련근거: 「의료급여법 시행령」[별표1] 제1호라목, 제2호마목 A 65세 이상 치과 임플란트 진료 시 본인부담률은 어떻게 되나요? Q49 65세 이상 수급권자가 등록된 임플란트에 대한 의료급여를 입원 또는 외래에서 받은 경우 본인부담률은 1종수급권자는 10%, 2종수급권자는 20%입니다. ※관련근거: 「의료급여법 시행령」[별표1] 제1호마목, 제2호바목 A 의료급여수급권자의 입원 식대 본인부담률은 얼마인가요? Q50 식대 본인부담률은 식대 금액의 20%입니다. 다만, 중증질환자에게 해당 중증질환(합병증 포함)으로 진료한 경우에는 식대 금액의 5%이며 행려환자, 자연분만 및 6세미만의 아동의 입원진료의 경우에는 식대 본인부담금을 면제합니다. ※관련근거: 「의료급여법 시행규칙」[별표1의2], 「의료급여수가의 기준 및 일반기준」제23조 A 의료급여 2종수급권자 중 15세 이하 아동이 입원한 경우, 본인부담 적용은 어떻게 되나요? Q51 6세 미만의 아동은 식대를 포함한 입원 진료비가 면제 적용됩니다. 6세 이상 15세 이하 아동인 경우는 입원 본인부담률이 3%이나, 식대 본인부담률은 20%를 적용받습니다. ※관련근거: 「의료급여법 시행령」[별표1] 제2호 A""}, {""chunk_id"": ""2026-p33-01"", ""source_year"": ""2026"", ""page"": 33, ""score"": 0.2596, ""text"": ""32 •2026 알기 쉬운 의료급여제도 의료급여 2종수급권자인 18세 이하 아동이 입원진료 중에 치아홈메우기 진료를 시행한 경우, 본인부담 적용은 어떻게 되나요? Q52 치아홈메우기 급여비용을 포함한 전체 급여비용에 대하여 6세 미만 아동은 면제가 되고, 6세 이상 15세 이하 아동은 본인부담률 3%를 적용받습니다. 16세 이상 18세 이하 아동인 경우에는 치아홈메우기 급여비용에 한하여 본인부담률 5%를 적용받습니다. ※관련근거: 「의료급여법 시행령」[별표1] 제2호 A 본인부담금 보상제 및 상한제는 모든 급여대상 본인부담금 기준으로 보상을 하나요? Q53 본인부담금 보상제 및 상한제는 수급권자의 급여대상 본인부담금이 대통령령에서 정하는 금액을 초과한 경우, 그 초과금액의 전액에 해당하는 금액을 보상해주는 제도입니다. 그러나 비급여대상, 100/100 본인부담 진료비, 65세 이상 치과 틀니 및 임플란트 비용, 상급병실(2ㆍ3인실) 입원료, 추나요법 및 연장승인 미신청 등으로 인한 본인부담금 등은 지급에서 제외 됩니다. A""}, {""chunk_id"": ""2025-p33-01"", ""source_year"": ""2025"", ""page"": 33, ""score"": 0.2556, ""text"": ""33 Ⅱ. 자주하는 질문 • 의료급여 2종수급권자인 18세 이하 아동이 입원진료 중에 치아홈메우기 진료를 시행한 경우, 본인부담 적용은 어떻게 되나요? Q53 치아홈메우기 급여비용을 포함한 전체 급여비용에 대하여 6세 미만 아동은 면제가 되고, 6세 이상 15세 이하 아동은 본인부담률 3%를 적용받습니다. 16세 이상 18세 이하 아동인 경우에는 치아홈메우기 급여비용에 한하여 본인부담률 5%를 적용받습니다. ※관련근거 : 「의료급여법 시행령」[별표1] 제2호 A 본인부담금 보상제 및 상한제는 모든 급여대상 본인부담금 기준으로 보상을 하나요? Q54 본인부담금 보상제 및 상한제는 수급권자의 급여대상 본인부담금이 대통령령에서 정하는 금액을 초과한 경우, 그 초과금액의 전액에 해당하는 금액을 보상해주는 제도입니다. 그러나 비급여대상, 100/100 본인부담 진료비, 65세 이상 치과 틀니 및 임플란트 비용, 상급병실(2ㆍ3인실) 입원료, 추나요법 및 연장승인 미신청 등으로 인한 본인부담금 등은 지급에서 제외 됩니다. A""}, {""chunk_id"": ""2025-p10-01"", ""source_year"": ""2025"", ""page"": 10, ""score"": 0.2126, ""text"": ""10 •2025 알기 쉬운 의료급여제도 ○ 잠복결핵 치료 관련 입원 및 외래진료 : 본인부담 면제 잠복결핵 치료 관련 진료 본인부담률 3 ○ 인체면역결핍바이러스질환자의 해당상병 입원 및 외래진료 : 본인부담 면제 인체면역결핍바이러스질환자 관련 진료 본인부담률 4 입원 식대 본인부담률 5 구분 본인부담률 1종·2종 20% 2종장애인 중증질환(합병증 포함) 5% 행려환자, 자연분만, 6세 미만 아동 무 료 ※ 본인부담 보상제·상한제 해당되지 않음, 2종장애인의 경우 장애인의료비 지원 없음 2, 3인실 입원료 본인부담률 6 구분 2인실 3인실 상급종합병원 50% 40% 종합병원·한방병원·정신병원·병원(치과·요양병원* 제외) *의료재활시설은 포함(’19.11.1.부터) 40% 30% ※ 본인부담 보상제·상한제 해당되지 않음, 2종장애인의 경우 장애인의료비 지원 없음 구분 틀니 임플란트 1종 5% 10% 2종 15% 20% 65세 이상 등록된 틀니 및 치과 임플란트 본인부담률 7""}]"
q06,2026년 정신질환 외래진료에서 항정신병 장기지속형 주사제의 본인부담률은 얼마인가요?,medium,2026,2026년 정신질환 외래진료에서 항정신병 장기지속형 주사제의 본인부담률은 2%입니다.,1.0,0.3667,0.5,0.9313,1.0,False,True,"[{""chunk_id"": ""2025-p32-01"", ""source_year"": ""2025"", ""page"": 32, ""score"": 0.2065, ""text"": ""32 •2025 알기 쉬운 의료급여제도 65세 이상 틀니 진료 시 본인부담률은 어떻게 되나요? Q49 65세 이상 수급권자가 등록된 틀니에 대한 의료급여를 입원 또는 외래에서 받은 경우 본인부담률은 1종수급권자는 5%이며, 2종수급권자는 15%입니다. ※관련근거 : 「의료급여법 시행령」[별표1] 제1호라목, 제2호마목 A 65세 이상 치과 임플란트 진료 시 본인부담률은 어떻게 되나요? Q50 65세 이상 수급권자가 등록된 임플란트에 대한 의료급여를 입원 또는 외래에서 받은 경우 본인부담률은 1종수급권자는 10%, 2종수급권자는 20%입니다. ※관련근거 : 「의료급여법 시행령」[별표1] 제1호마목, 제2호바목 A 의료급여수급권자의 입원 식대 본인부담률은 얼마인가요? Q51 식대 본인부담률은 식대 금액의 20%입니다. 다만, 중증질환자에게 해당 중증질환(합병증 포함)으로 진료한 경우에는 식대 금액의 5%이며 행려환자, 자연분만 및 6세미만의 아동의 입원진료의 경우에는 식대 본인부담금을 면제합니다. ※관련근거 : 「의료급여법 시행규칙」[별표1의2], 「의료급여수가의 기준 및 일반기준」제23조 A 의료급여 2종수급권자 중 15세 이하 아동이 입원한 경우, 본인부담 적용은 어떻게 되나요? Q52 6세 미만의 아동은 식대를 포함한 입원 진료비가 면제 적용됩니다. 6세 이상 15세 이하 아동인 경우는 입원 본인부담률이 3%이나, 식대 본인부담률은 20%를 적용받습니다. ※관련근거 : 「의료급여법 시행령」[별표1] 제2호 A""}, {""chunk_id"": ""2026-p32-01"", ""source_year"": ""2026"", ""page"": 32, ""score"": 0.2058, ""text"": ""31 Ⅱ. 자주하는 질문 • 65세 이상 틀니 진료 시 본인부담률은 어떻게 되나요? Q48 65세 이상 수급권자가 등록된 틀니에 대한 의료급여를 입원 또는 외래에서 받은 경우 본인부담률은 1종수급권자는 5%이며, 2종수급권자는 15%입니다. ※관련근거: 「의료급여법 시행령」[별표1] 제1호라목, 제2호마목 A 65세 이상 치과 임플란트 진료 시 본인부담률은 어떻게 되나요? Q49 65세 이상 수급권자가 등록된 임플란트에 대한 의료급여를 입원 또는 외래에서 받은 경우 본인부담률은 1종수급권자는 10%, 2종수급권자는 20%입니다. ※관련근거: 「의료급여법 시행령」[별표1] 제1호마목, 제2호바목 A 의료급여수급권자의 입원 식대 본인부담률은 얼마인가요? Q50 식대 본인부담률은 식대 금액의 20%입니다. 다만, 중증질환자에게 해당 중증질환(합병증 포함)으로 진료한 경우에는 식대 금액의 5%이며 행려환자, 자연분만 및 6세미만의 아동의 입원진료의 경우에는 식대 본인부담금을 면제합니다. ※관련근거: 「의료급여법 시행규칙」[별표1의2], 「의료급여수가의 기준 및 일반기준」제23조 A 의료급여 2종수급권자 중 15세 이하 아동이 입원한 경우, 본인부담 적용은 어떻게 되나요? Q51 6세 미만의 아동은 식대를 포함한 입원 진료비가 면제 적용됩니다. 6세 이상 15세 이하 아동인 경우는 입원 본인부담률이 3%이나, 식대 본인부담률은 20%를 적용받습니다. ※관련근거: 「의료급여법 시행령」[별표1] 제2호 A""}, {""chunk_id"": ""2026-p12-01"", ""source_year"": ""2026"", ""page"": 12, ""score"": 0.2031, ""text"": ""11 Ⅰ. 의료급여제도 • ○ 정신질환 외래진료 ○ 치매질환 입원 및 병원급 이상 외래진료 : 5% ○ 만성질환자(보건복지부 고시)의 병원급 외래진료 : 1,000원 ○ 가정간호 대상자 : 10% ○ CT, MRI, PET 등 구분 본인부담률 조현병 병원급 이상 5% 조현병 외 정신질환 병원급 이상 10% 장기지속형 주사제* *1·2종 모두 해당, 외래본인부담면제자 제외 2% 구분 본인부담률 임신부(유산·사산 포함) 제1차의료급여기관 5% 5세까지의 조산아·저체중 출생아 제1차의료급여기관 치매 질환자 제1차의료급여기관 1세 미만 만성질환자 제2차의료급여기관 조현병 등 정신질환자 제2·3차의료급여기관 15%""}, {""chunk_id"": ""2025-p12-01"", ""source_year"": ""2025"", ""page"": 12, ""score"": 0.2022, ""text"": ""12 •2025 알기 쉬운 의료급여제도 ○ 정신질환 외래진료 ○ 치매질환 입원 및 병원급 이상 외래진료 : 5% ○ 만성질환자(보건복지부 고시)의 병원급 외래진료 : 1,000원 ○ 가정간호 대상자 : 10% ○ CT, MRI, PET 등 구분 본인부담률 조현병 병원급 이상 5% 조현병 외 정신질환 병원급 이상 10% 장기지속형 주사제* *1·2종 모두 해당, 외래본인부담면제자 제외 5% 구분 본인부담률 임신부(유산·사산 포함) 제1차의료급여기관 5% 5세까지의 조산아 및 저체중 출생아 제1차의료급여기관 치매 질환자 제1차의료급여기관 1세 미만 만성질환자 제2차의료급여기관 조현병 등 정신질환자 제2·3차의료급여기관 15%""}, {""chunk_id"": ""2026-p13-01"", ""source_year"": ""2026"", ""page"": 13, ""score"": 0.1105, ""text"": ""12 •2026 알기 쉬운 의료급여제도 국가건강검진 후 확진검사의 대상확대 등 의료급여 적용 (’25. 1. 1., ’26. 1. 1. 시행) 1 ○ 국가건강검진을 받은 의료급여 수급권자가 검사결과에 따라 고혈압·당뇨병·결핵 질환 확진을 위한 경우에 우울증·조기정신증 질환을 의심하는 경우도 추가하여 외래에서 실시하는 추가 진료 및 검사를 본인부담 면제 적용받도록 안내(’25. 1. 1. 시행) ○ 당뇨병 질환 확진을 위한 경우에 검사 항목 추가, 이상지질혈증 질환을 의심하는 경우도 추가하여 외래에서 실시하는 추가 진료 및 검사를 본인부담 면제 적용받도록 안내(’26. 1. 1. 시행) ※ 관련근거 :「건강검진기본법」, 「의료급여법 시행령」 [별표1] 「노숙인진료시설 지정 등에 관한 고시」 일부개정(’25. 3. 22. 시행) 2 ○ 노숙인 의료접근성을 지속 제고하기 위해 전체 제1·2차의료급여기관을 노숙인진료시설(요양병원 제외)로 지정 확대 유효기간 3년 연장(유효기간: ’25. 3. 22.~ ’28. 3. 21.) ※ 관련근거 :「노숙인진료시설 지정 등에 관한 고시」 고시 제2025-46호 의료급여 정신과 수가 개선(‘25. 7. 1., 10. 1., ’26. 1. 1. 시행) 3 2025년 변경된 의료급여제도 04 시행일 개정 내역 ’25. 7. 1. ○ 정신과 폐쇄병동 입원 시 정액수가 12% 가산 적용 ○ 정신과 입원 정액수가 외 격리보호료 별도 산정 신설 ※ 관련근거: 「의료급여수가의 기준 및 일반기준」 고시 제2025-103호 ’25. 10. 1. ○ 격리보호료를 정신안정실 관리료로 명칭 변경 ※ 관련근거: 「의료급여수가의 기준 및 일반기준」 고시 제2025-171호 ○ 정신질환 외래 진료 시, 항정신병 장기지속형주사제 본인부담률 5→2% 완화 ※ 관련근거: 「의료급여법 시""}]"
q07,2025년 대비 2026년에 항정신병 장기지속형 주사제 본인부담률은 어떻게 달라졌나요?,cross-year,2025+2026,항정신병 장기지속형 주사제 본인부담률은 2025년 5%에서 2026년 2%로 낮아졌습니다.,1.0,0.8875,0.5,0.7556,1.0,True,True,"[{""chunk_id"": ""2025-p32-01"", ""source_year"": ""2025"", ""page"": 32, ""score"": 0.2199, ""text"": ""32 •2025 알기 쉬운 의료급여제도 65세 이상 틀니 진료 시 본인부담률은 어떻게 되나요? Q49 65세 이상 수급권자가 등록된 틀니에 대한 의료급여를 입원 또는 외래에서 받은 경우 본인부담률은 1종수급권자는 5%이며, 2종수급권자는 15%입니다. ※관련근거 : 「의료급여법 시행령」[별표1] 제1호라목, 제2호마목 A 65세 이상 치과 임플란트 진료 시 본인부담률은 어떻게 되나요? Q50 65세 이상 수급권자가 등록된 임플란트에 대한 의료급여를 입원 또는 외래에서 받은 경우 본인부담률은 1종수급권자는 10%, 2종수급권자는 20%입니다. ※관련근거 : 「의료급여법 시행령」[별표1] 제1호마목, 제2호바목 A 의료급여수급권자의 입원 식대 본인부담률은 얼마인가요? Q51 식대 본인부담률은 식대 금액의 20%입니다. 다만, 중증질환자에게 해당 중증질환(합병증 포함)으로 진료한 경우에는 식대 금액의 5%이며 행려환자, 자연분만 및 6세미만의 아동의 입원진료의 경우에는 식대 본인부담금을 면제합니다. ※관련근거 : 「의료급여법 시행규칙」[별표1의2], 「의료급여수가의 기준 및 일반기준」제23조 A 의료급여 2종수급권자 중 15세 이하 아동이 입원한 경우, 본인부담 적용은 어떻게 되나요? Q52 6세 미만의 아동은 식대를 포함한 입원 진료비가 면제 적용됩니다. 6세 이상 15세 이하 아동인 경우는 입원 본인부담률이 3%이나, 식대 본인부담률은 20%를 적용받습니다. ※관련근거 : 「의료급여법 시행령」[별표1] 제2호 A""}, {""chunk_id"": ""2026-p32-01"", ""source_year"": ""2026"", ""page"": 32, ""score"": 0.2161, ""text"": ""31 Ⅱ. 자주하는 질문 • 65세 이상 틀니 진료 시 본인부담률은 어떻게 되나요? Q48 65세 이상 수급권자가 등록된 틀니에 대한 의료급여를 입원 또는 외래에서 받은 경우 본인부담률은 1종수급권자는 5%이며, 2종수급권자는 15%입니다. ※관련근거: 「의료급여법 시행령」[별표1] 제1호라목, 제2호마목 A 65세 이상 치과 임플란트 진료 시 본인부담률은 어떻게 되나요? Q49 65세 이상 수급권자가 등록된 임플란트에 대한 의료급여를 입원 또는 외래에서 받은 경우 본인부담률은 1종수급권자는 10%, 2종수급권자는 20%입니다. ※관련근거: 「의료급여법 시행령」[별표1] 제1호마목, 제2호바목 A 의료급여수급권자의 입원 식대 본인부담률은 얼마인가요? Q50 식대 본인부담률은 식대 금액의 20%입니다. 다만, 중증질환자에게 해당 중증질환(합병증 포함)으로 진료한 경우에는 식대 금액의 5%이며 행려환자, 자연분만 및 6세미만의 아동의 입원진료의 경우에는 식대 본인부담금을 면제합니다. ※관련근거: 「의료급여법 시행규칙」[별표1의2], 「의료급여수가의 기준 및 일반기준」제23조 A 의료급여 2종수급권자 중 15세 이하 아동이 입원한 경우, 본인부담 적용은 어떻게 되나요? Q51 6세 미만의 아동은 식대를 포함한 입원 진료비가 면제 적용됩니다. 6세 이상 15세 이하 아동인 경우는 입원 본인부담률이 3%이나, 식대 본인부담률은 20%를 적용받습니다. ※관련근거: 「의료급여법 시행령」[별표1] 제2호 A""}, {""chunk_id"": ""2025-p02-01"", ""source_year"": ""2025"", ""page"": 2, ""score"": 0.1539, ""text"": ""2025 알기 쉬운 의료급여제도""}, {""chunk_id"": ""2025-p12-01"", ""source_year"": ""2025"", ""page"": 12, ""score"": 0.1361, ""text"": ""12 •2025 알기 쉬운 의료급여제도 ○ 정신질환 외래진료 ○ 치매질환 입원 및 병원급 이상 외래진료 : 5% ○ 만성질환자(보건복지부 고시)의 병원급 외래진료 : 1,000원 ○ 가정간호 대상자 : 10% ○ CT, MRI, PET 등 구분 본인부담률 조현병 병원급 이상 5% 조현병 외 정신질환 병원급 이상 10% 장기지속형 주사제* *1·2종 모두 해당, 외래본인부담면제자 제외 5% 구분 본인부담률 임신부(유산·사산 포함) 제1차의료급여기관 5% 5세까지의 조산아 및 저체중 출생아 제1차의료급여기관 치매 질환자 제1차의료급여기관 1세 미만 만성질환자 제2차의료급여기관 조현병 등 정신질환자 제2·3차의료급여기관 15%""}, {""chunk_id"": ""2026-p12-01"", ""source_year"": ""2026"", ""page"": 12, ""score"": 0.1315, ""text"": ""11 Ⅰ. 의료급여제도 • ○ 정신질환 외래진료 ○ 치매질환 입원 및 병원급 이상 외래진료 : 5% ○ 만성질환자(보건복지부 고시)의 병원급 외래진료 : 1,000원 ○ 가정간호 대상자 : 10% ○ CT, MRI, PET 등 구분 본인부담률 조현병 병원급 이상 5% 조현병 외 정신질환 병원급 이상 10% 장기지속형 주사제* *1·2종 모두 해당, 외래본인부담면제자 제외 2% 구분 본인부담률 임신부(유산·사산 포함) 제1차의료급여기관 5% 5세까지의 조산아·저체중 출생아 제1차의료급여기관 치매 질환자 제1차의료급여기관 1세 미만 만성질환자 제2차의료급여기관 조현병 등 정신질환자 제2·3차의료급여기관 15%""}]"
q08,2026년 의료급여 외래진료를 연간 365회 초과 이용하면 본인부담률은 어떻게 적용되나요?,hard,2026,2026년부터 의료급여 외래진료를 연간 365회 초과 이용하면 외래진료 적정관리를 위해 본인부담률 30%가 적용됩니다.,1.0,0.3333,0.6667,0.78,1.0,False,True,"[{""chunk_id"": ""2025-p32-01"", ""source_year"": ""2025"", ""page"": 32, ""score"": 0.2575, ""text"": ""32 •2025 알기 쉬운 의료급여제도 65세 이상 틀니 진료 시 본인부담률은 어떻게 되나요? Q49 65세 이상 수급권자가 등록된 틀니에 대한 의료급여를 입원 또는 외래에서 받은 경우 본인부담률은 1종수급권자는 5%이며, 2종수급권자는 15%입니다. ※관련근거 : 「의료급여법 시행령」[별표1] 제1호라목, 제2호마목 A 65세 이상 치과 임플란트 진료 시 본인부담률은 어떻게 되나요? Q50 65세 이상 수급권자가 등록된 임플란트에 대한 의료급여를 입원 또는 외래에서 받은 경우 본인부담률은 1종수급권자는 10%, 2종수급권자는 20%입니다. ※관련근거 : 「의료급여법 시행령」[별표1] 제1호마목, 제2호바목 A 의료급여수급권자의 입원 식대 본인부담률은 얼마인가요? Q51 식대 본인부담률은 식대 금액의 20%입니다. 다만, 중증질환자에게 해당 중증질환(합병증 포함)으로 진료한 경우에는 식대 금액의 5%이며 행려환자, 자연분만 및 6세미만의 아동의 입원진료의 경우에는 식대 본인부담금을 면제합니다. ※관련근거 : 「의료급여법 시행규칙」[별표1의2], 「의료급여수가의 기준 및 일반기준」제23조 A 의료급여 2종수급권자 중 15세 이하 아동이 입원한 경우, 본인부담 적용은 어떻게 되나요? Q52 6세 미만의 아동은 식대를 포함한 입원 진료비가 면제 적용됩니다. 6세 이상 15세 이하 아동인 경우는 입원 본인부담률이 3%이나, 식대 본인부담률은 20%를 적용받습니다. ※관련근거 : 「의료급여법 시행령」[별표1] 제2호 A""}, {""chunk_id"": ""2026-p32-01"", ""source_year"": ""2026"", ""page"": 32, ""score"": 0.2551, ""text"": ""31 Ⅱ. 자주하는 질문 • 65세 이상 틀니 진료 시 본인부담률은 어떻게 되나요? Q48 65세 이상 수급권자가 등록된 틀니에 대한 의료급여를 입원 또는 외래에서 받은 경우 본인부담률은 1종수급권자는 5%이며, 2종수급권자는 15%입니다. ※관련근거: 「의료급여법 시행령」[별표1] 제1호라목, 제2호마목 A 65세 이상 치과 임플란트 진료 시 본인부담률은 어떻게 되나요? Q49 65세 이상 수급권자가 등록된 임플란트에 대한 의료급여를 입원 또는 외래에서 받은 경우 본인부담률은 1종수급권자는 10%, 2종수급권자는 20%입니다. ※관련근거: 「의료급여법 시행령」[별표1] 제1호마목, 제2호바목 A 의료급여수급권자의 입원 식대 본인부담률은 얼마인가요? Q50 식대 본인부담률은 식대 금액의 20%입니다. 다만, 중증질환자에게 해당 중증질환(합병증 포함)으로 진료한 경우에는 식대 금액의 5%이며 행려환자, 자연분만 및 6세미만의 아동의 입원진료의 경우에는 식대 본인부담금을 면제합니다. ※관련근거: 「의료급여법 시행규칙」[별표1의2], 「의료급여수가의 기준 및 일반기준」제23조 A 의료급여 2종수급권자 중 15세 이하 아동이 입원한 경우, 본인부담 적용은 어떻게 되나요? Q51 6세 미만의 아동은 식대를 포함한 입원 진료비가 면제 적용됩니다. 6세 이상 15세 이하 아동인 경우는 입원 본인부담률이 3%이나, 식대 본인부담률은 20%를 적용받습니다. ※관련근거: 「의료급여법 시행령」[별표1] 제2호 A""}, {""chunk_id"": ""2026-p14-01"", ""source_year"": ""2026"", ""page"": 14, ""score"": 0.2366, ""text"": ""13 Ⅰ. 의료급여제도 • ○ 연간 외래 의료급여 받은 횟수 180회, 240회, 300회 초과 및 365회 초과 시 본인부담률 30% 적용 알림 ※ 관련근거: 「의료급여법 시행규칙」 [별표1의2], 「의료급여 외래진료 본인부담차등 기준 등에 관한 고시」 고시 제2025-248호 의료급여 외래진료 적정관리를 위한 365회 초과 시 본인부담률 30% 적용 (’26. 1. 1. 시행) 4 ○ 본인부담금 일정 금액 초과 시 초과 금액 환급하는 산정기간을 30일→월단위 변경 ※ 관련근거: 「의료급여법 시행령」 제13조제5항 의료급여 초과 본인부담금 환급 산정기간 변경(’26. 1. 1. 시행) 5 ○ 조산아 맞춤형 의료급여 지원을 위해 출생일로부터 5년→5년 4개월 기간 확대 ※ 관련근거: 「의료급여법 시행령」 [별표1] 의료급여 조산아 지원 기간 확대(’26. 1. 1. 시행) 6 ○ 치료식, 멸균식, 분유(일반분유, 특수분유), 산모식, 경관영양유동식 인상(일반식 제외) ※ 관련근거: 「의료급여수가의 기준 및 일반기준」 고시 제2025-225호 의료급여 특수식 식대 건강보험 의원급과 동일하게 인상(’26. 1. 1. 시행) 7 ※ 관련근거: 「의료급여법 시행규칙」 [별표1의2] 응급의료관리료 100분의100 본인부담 기준 변경(’26. 1. 1. 시행) 8 구분 개정 전 개정 후 관련법령 「응급의료에 관한 법률」 제2조제1호 및 같은 법 시행규칙 [별표1] 「한국 응급환자 중증도 분류기준」 100분의100 대상 응급증상 환자가 아닌 경우 경증응급환자(KTAS 4) ·비응급환자(KTAS 5)""}, {""chunk_id"": ""2026-p31-01"", ""source_year"": ""2026"", ""page"": 31, ""score"": 0.1625, ""text"": ""30 •2026 알기 쉬운 의료급여제도 의료급여 선별급여 본인부담은 건강보험 선별급여 본인부담과 다른가요? Q47 건강보험과 동일한 30~90% 본인부담률을 적용받습니다. ※관련근거: 「의료급여수가의 기준 및 일반기준」제23조의2 A 본인일부부담금 적용 06 건강보험 본인일부부담금 산정특례대상이 의료급여수급권자에게도 동일하게 적용되나요? Q44 산정특례 대상의 경우, 정신질환과 치매질환을 제외하고 건강보험과 동일하게 적용됩니다. ※관련근거: 「의료급여수가의 기준 및 일반기준」[별표2] A 의료급여 등록 희귀질환자인 경우, 등록된 희귀질환이 아닌 다른 상병으로 외래진료를 받을 경우에도 본인부담금이 면제되나요? Q45 보건복지부장관이 정하여 고시하는 결핵질환, 희귀난치성질환 또는 중증질환을 가진 사람이 외래진료를 받을 경우 급여비용총액 전부를 기금에서 부담하여, 해당 질환 이외의 상병으로 외래진료를 받은 경우에도 본인일부부담금이 면제됩니다. ※관련근거: 「의료급여법 시행령」[별표1] 제1호다목 A 계약의사가 사회복지시설에 입소 중인 의료급여수급권자에게 진료를 한 경우 산정되는 수가와 본인부담금은 어떻게 되나요? Q46 의료급여기관에 소속된 계약의사가 시설 내에서 진료 후 사회복지시설 입소자에게 원외처방전을 발행하거나 원내 직접조제·투약한 경우 건강보험과 동일한 수가를 산정하며, 본인일부부담금은 1·2 종 수급권자를 불문하고 1,000원~1,500원을 부담합니다. 단, 1종수급권자 중 외래본인부담면제자의 경우 본인부담금을 면제합니다. ※관련근거: 「의료급여수가의 기준 및 일반기준」제17조의5 A""}, {""chunk_id"": ""2025-p31-01"", ""source_year"": ""2025"", ""page"": 31, ""score"": 0.1575, ""text"": ""31 Ⅱ. 자주하는 질문 • 의료급여 선별급여 본인부담은 건강보험 선별급여 본인부담과 다른가요? Q48 건강보험과 동일한 30~90% 본인부담률을 적용받습니다. ※관련근거 : 「의료급여수가의 기준 및 일반기준」제23조의2 A 본인일부부담금 적용 06 건강보험 본인일부부담금 산정특례대상이 의료급여수급권자에게도 동일하게 적용되나요? Q45 산정특례 대상의 경우, 정신질환과 치매질환을 제외하고 건강보험과 동일하게 적용됩니다. ※관련근거 : 「의료급여수가의 기준 및 일반기준」[별표2] A 의료급여 등록 희귀질환자인 경우, 등록된 희귀질환이 아닌 다른 상병으로 외래진료를 받을 경우에도 본인부담금이 면제되나요? Q46 보건복지부장관이 정하여 고시하는 결핵질환, 희귀난치성질환 또는 중증질환을 가진 사람이 외래진료를 받을 경우 급여비용총액 전부를 기금에서 부담하여, 해당 질환 이외의 상병으로 외래진료를 받은 경우에도 본인일부부담금이 면제됩니다. ※관련근거 : 「의료급여법 시행령」[별표1] 제1호다목 A 계약의사가 사회복지시설에 입소 중인 의료급여수급권자에게 진료를 한 경우 산정되는 수가와 본인부담금은 어떻게 되나요? Q47 의료급여기관에 소속된 계약의사가 시설 내에서 진료 후 사회복지시설 입소자에게 원외처방전을 발행하거나 원내 직접조제·투약한 경우 건강보험과 동일한 수가를 산정하며, 본인일부부담금은 1·2종 수급권자를 불문하고 1,000원~1,500원을 부담합니다. 단, 1종수급권자 중 외래본인부담면제자의 경우 본인부담금을 면제합니다. ※관련근거 : 「의료급여수가의 기준 및 일반기준」제17조의5 A""}]"
q09,2026년 조산아 맞춤형 의료급여 지원 기간은 어떻게 확대되었나요?,medium,2026,2026년에는 조산아 맞춤형 의료급여 지원 기간이 출생일로부터 5년에서 5년 4개월로 확대되었습니다.,1.0,1.0,1.0,0.725,1.0,True,True,"[{""chunk_id"": ""2026-p14-01"", ""source_year"": ""2026"", ""page"": 14, ""score"": 0.1442, ""text"": ""13 Ⅰ. 의료급여제도 • ○ 연간 외래 의료급여 받은 횟수 180회, 240회, 300회 초과 및 365회 초과 시 본인부담률 30% 적용 알림 ※ 관련근거: 「의료급여법 시행규칙」 [별표1의2], 「의료급여 외래진료 본인부담차등 기준 등에 관한 고시」 고시 제2025-248호 의료급여 외래진료 적정관리를 위한 365회 초과 시 본인부담률 30% 적용 (’26. 1. 1. 시행) 4 ○ 본인부담금 일정 금액 초과 시 초과 금액 환급하는 산정기간을 30일→월단위 변경 ※ 관련근거: 「의료급여법 시행령」 제13조제5항 의료급여 초과 본인부담금 환급 산정기간 변경(’26. 1. 1. 시행) 5 ○ 조산아 맞춤형 의료급여 지원을 위해 출생일로부터 5년→5년 4개월 기간 확대 ※ 관련근거: 「의료급여법 시행령」 [별표1] 의료급여 조산아 지원 기간 확대(’26. 1. 1. 시행) 6 ○ 치료식, 멸균식, 분유(일반분유, 특수분유), 산모식, 경관영양유동식 인상(일반식 제외) ※ 관련근거: 「의료급여수가의 기준 및 일반기준」 고시 제2025-225호 의료급여 특수식 식대 건강보험 의원급과 동일하게 인상(’26. 1. 1. 시행) 7 ※ 관련근거: 「의료급여법 시행규칙」 [별표1의2] 응급의료관리료 100분의100 본인부담 기준 변경(’26. 1. 1. 시행) 8 구분 개정 전 개정 후 관련법령 「응급의료에 관한 법률」 제2조제1호 및 같은 법 시행규칙 [별표1] 「한국 응급환자 중증도 분류기준」 100분의100 대상 응급증상 환자가 아닌 경우 경증응급환자(KTAS 4) ·비응급환자(KTAS 5)""}, {""chunk_id"": ""2026-p04-01"", ""source_year"": ""2026"", ""page"": 4, ""score"": 0.1092, ""text"": ""2026 알기 쉬운 의료급여제도 01. 의료급여제도 개요 02. 의료급여 절차 03. 의료급여 본인일부부담금 04. 2025년 변경된 의료급여제도 05. 의료급여기준 이력관리시스템 5 6 9 13 15 • 의료급여제도 • Ⅰ""}, {""chunk_id"": ""2025-p02-01"", ""source_year"": ""2025"", ""page"": 2, ""score"": 0.1062, ""text"": ""2025 알기 쉬운 의료급여제도""}, {""chunk_id"": ""2026-p37-01"", ""source_year"": ""2026"", ""page"": 37, ""score"": 0.1046, ""text"": ""발 행 발행처 주 소 전 화 인 쇄 2026년 2월 건강보험심사평가원 의료급여실 강원특별자치도 원주시 입춘로 130(반곡동) 1644-2000 (사)한국나눔복지연합회 아이씨티사업소 이 책에 대한 저작권은 건강보험심사평가원에 있으므로 무단으로 복사·복제할 수 없습니다. 2026 알기 쉬운 의료급여제도""}, {""chunk_id"": ""2025-p04-01"", ""source_year"": ""2025"", ""page"": 4, ""score"": 0.0979, ""text"": ""2025 알기 쉬운 의료급여제도 Ⅰ 의료급여제도 01. 의료급여제도 개요 02. 의료급여 절차 03. 의료급여 본인일부부담금 04. 2024년 변경된 의료급여제도 05. 의료급여기준 이력관리시스템 5 6 9 13 15""}]"
q10,2025년 선택의료급여기관 적용 대상자는 어떤 경우 의료급여의뢰서 없이 다른 의료급여기관에서 진료받을 수 있나요?,medium,2025,2025년 선택의료급여기관 적용 대상자는 응급증상에 해당하거나 장애인 보조기기를 지급받으려는 경우 선택의료급여기관의 의료급여의뢰서 없이 다른 의료급여기관에서 진료받을 수 있습니다.,1.0,0.8875,0.75,0.9154,1.0,True,True,"[{""chunk_id"": ""2025-p24-01"", ""source_year"": ""2025"", ""page"": 24, ""score"": 0.5419, ""text"": ""24 •2025 알기 쉬운 의료급여제도 선택의료급여기관 이용절차 03 선택의료급여기관 적용 대상자입니다. 어떤 경우에 의료급여의뢰서 없이도 진료를 받을 수 있는지 궁금합니다. Q23 응급증상에 해당하거나 장애인 보조기기를 지급받고자 하는 경우에는 선택의료급여기관의 의료급여 의뢰서가 없어도 다른 의료급여기관에서 진료 받을 수 있습니다. ※관련근거 : 「선택의료급여기관 적용 대상자 및 이용절차 등에 관한 규정」제10조 A 제1차의료급여기관이 선택기관으로 등록 되어있는 환자가 선택기관을 거쳐 제2차 의료급여기관의 진료의뢰를 받아서 제3차의료급여기관에 내원한 경우, 제2차의료급여기관의 의료급여의뢰서만 있으면 의료급여가 적용되나요? Q24 위와 같이 선택의료급여기관 적용 대상자가 단계별 절차를 거쳐 제3차의료급여기관으로 재의뢰 되는 경우, 제2차의료급여기관의 의료급여의뢰서가 있으면 제3차의료급여기관에서 의료급여가 적용됩니다. ※관련근거 : 「선택의료급여기관 적용 대상자 및 이용절차 등에 관한 규정」제6조제2항 A 선택의료급여기관 적용대상자가 의료급여의뢰서를 발급받아 제2차 의료급여기관에서 외래 진료를 받은 후, 다른 제2차의료급여기관에 입원해야 하는 경우 의료급여의뢰서를 재발급 받아야 하나요? Q25 선택의료급여기관에서 의뢰된 수급권자는 동일 종별(제2차의료급여기관에서 다른 제2차의료 급여기관)로 재의뢰는 할 수 없습니다. 따라서 위와 같은 경우에 다른 제2차의료급여기관의 진료가 필요하다면 선택의료급여기관에서 의료급여의뢰서를 재발급 받아 입원 예정인 제2차의료 급여기관에 제출하여야 합니다. ※관련근거 : 「선택의료급여기관 적용 대상자 및 이용절차 등에 관한 규정」제6조제2항제2호 A""}, {""chunk_id"": ""2026-p24-01"", ""source_year"": ""2026"", ""page"": 24, ""score"": 0.531, ""text"": ""23 Ⅱ. 자주하는 질문 • 선택의료급여기관 이용절차 03 선택의료급여기관 적용 대상자입니다. 어떤 경우에 의료급여의뢰서 없이도 진료를 받을 수 있는지 궁금합니다. Q23 응급증상에 해당하거나 장애인 보조기기를 지급받고자 하는 경우에는 선택의료급여기관의 의료급여 의뢰서가 없어도 다른 의료급여기관에서 진료 받을 수 있습니다. ※관련근거: 「선택의료급여기관 적용 대상자 및 이용절차 등에 관한 규정」제10조 A 제1차의료급여기관이 선택기관으로 등록 되어있는 환자가 선택기관을 거쳐 제2차의료급여기관의 진료의뢰를 받아서 제3차의료급여기관에 내원한 경우, 제2차의료급여기관의 의료급여의뢰서만 있으면 의료급여가 적용되나요? Q24 위와 같이 선택의료급여기관 적용 대상자가 단계별 절차를 거쳐 제3차의료급여기관으로 재의뢰 되는 경우, 제2차의료급여기관의 의료급여의뢰서가 있으면 제3차의료급여기관에서 의료급여가 적용됩니다. ※관련근거: 「선택의료급여기관 적용 대상자 및 이용절차 등에 관한 규정」제6조제2항 A 선택의료급여기관 적용대상자가 의료급여의뢰서를 발급받아 제2차의료급여기관에서 외래 진료를 받은 후, 다른 제2차의료급여기관에 입원해야 하는 경우 의료급여의뢰서를 재발급 받아야 하나요? Q25 선택의료급여기관에서 의뢰된 수급권자는 동일 종별(제2차의료급여기관에서 다른 제2차의료 급여기관)로 재의뢰는 할 수 없습니다. 따라서 위와 같은 경우에 다른 제2차의료급여기관의 진료가 필요하다면 선택의료급여기관에서 의료급여의뢰서를 재발급 받아 입원 예정인 제2차의료 급여기관에 제출하여야 합니다. ※관련근거: 「선택의료급여기관 적용 대상자 및 이용절차 등에 관한 규정」제6조제2항제2호 A""}, {""chunk_id"": ""2026-p25-01"", ""source_year"": ""2026"", ""page"": 25, ""score"": 0.4809, ""text"": ""24 •2026 알기 쉬운 의료급여제도 희귀질환 산정특례 대상으로 등록되어 있으면서 제1차의료급여기관이 선택기관으로 지정된 의료급여수급자인 경우, 의료급여의뢰서 없이 제2차 또는 제3차의료급여기관에서 의료급여가 적용되나요? Q26 산정특례등록환자라도 제1차의료급여기관이 선택기관으로 지정되어 있는 경우는 의료급여 일반적 절차가 아닌 별도의 선택의료급여기관 적용대상자의 절차 규정을 따르게 되므로, 선택기관의 의료급여의뢰서를 제출하여야만 제2차의료급여기관에서 진료가 가능하며 제2차의료급여기관을 거쳐 제3차의료급여기관에서도 진료가 가능합니다. ※관련근거: 「선택의료급여기관 적용대상자 및 이용절차 등에 관한 규정」제9조 A 제1차의료급여기관이 선택의료급여기관으로 지정된 1종수급권자입니다. 선택의료급여기관에서 진료할 수 없는 질환에 대하여 의료급여의뢰서를 발급 받아 다른 병의원에서 진료를 받을 경우 본인부담금은 어떻게 되나요? Q27 선택의료급여기관으로 지정된 제1차의료급여기관에서 진료 받을 경우는 본인부담금이 면제되지만, 의뢰 또는 재의뢰되어 진료 받는 기관에서는 본인부담금이 발생됩니다. (1,000원~2,000원) ※관련근거: 「의료급여법 시행령」별표1 A 선택의료급여기관에서 의뢰되어 제2차 또는 제3차의료급여기관에서 진료를 받던 중 선택의료급여기관이 변경되었습니다. 이 경우 변경된 선택의료급여기관으로부터 의뢰서를 다시 발급받아야 하나요? Q28 선택의료급여기관으로부터 의뢰받아 계속하여 진료 중 다른 선택의료급여기관으로 변경된 경우, 동일상병에 대하여 해당진료가 종료될 때까지는 변경된 선택의료급여기관의 의료급여의뢰서 추가 제출 없이 해당 제2·3차의료급여기관의 진료를 받을 수 있습니다. 다만, 다른 상병으로 진료를 받을 경우에는 변경된 선택의료급여기관의 진료담당의사의 진료의견이 기재된 의료급""}, {""chunk_id"": ""2025-p25-01"", ""source_year"": ""2025"", ""page"": 25, ""score"": 0.4787, ""text"": ""25 Ⅱ. 자주하는 질문 • 희귀질환 산정특례 대상으로 등록되어 있으면서 제1차의료급여기관이 선택기관 으로 지정된 의료급여수급자인 경우, 의료급여의뢰서 없이 제2차 또는 제3차의료급여기관에서 의료급여가 적용되나요? Q26 산정특례등록환자라도 제1차의료급여기관을 선택기관으로 지정되어 있는 경우는 선택기관의 의료급여의뢰서를 제출하여야만 제2차의료급여기관에서 진료가 가능하며, 제2차의료급여기관을 거쳐 제3차의료급여기관에서도 진료가 가능합니다. ※관련근거 : 「선택의료급여기관 적용대상자 및 이용절차 등에 관한 규정」제9조 A 제1차의료급여기관이 선택의료급여기관으로 지정된 1종수급권자입니다. 선택의료급여기관에서 진료할 수 없는 질환에 대하여 의료급여의뢰서를 발급 받아 다른 병의원에서 진료를 받을 경우 본인부담금은 어떻게 되나요? Q27 선택의료급여기관으로 지정된 제1차의료급여기관에서 진료 받을 경우는 본인부담금이 면제되지만, 의뢰 또는 재의뢰되어 진료 받는 기관에서는 본인부담금이 발생됩니다. (1,000원~2,000원) ※관련근거 : 「의료급여법 시행령」별표1 A 선택의료급여기관에서 의뢰되어 제2차 또는 제3차의료급여기관에서 진료를 받던 중 선택의료급여기관이 변경되었습니다. 이 경우 변경된 선택의료급여기관으로부터 의뢰서를 다시 발급받아야 하나요? Q28 선택의료급여기관으로부터 의뢰받아 계속하여 진료 중 다른 선택의료급여기관으로 변경된 경우, 동일상병에 대하여 해당진료가 종료될 때까지는 변경된 선택의료급여기관의 의료급여의뢰서 추가 제출 없이 해당 제2·3차의료급여기관의 진료를 받을 수 있습니다. 다만, 다른 상병으로 진료를 받을 경우에는 변경된 선택의료급여기관의 진료담당의사의 진료의견이 기재된 의료급여의뢰서를 제출하여야 합니다. ※관련근거 : 보건복지부 발간 「2025 의료급여사업안내」 A""}, {""chunk_id"": ""2026-p20-01"", ""source_year"": ""2026"", ""page"": 20, ""score"": 0.4451, ""text"": ""19 Ⅱ. 자주하는 질문 • 요양병원에 입원 중인 의료급여수급권자가 다른 의료급여기관의 진료를 위해선 의료급여의뢰서가 필요한가요? Q12 요양병원 입원 중인 의료급여수급권자가 불가피하게 다른 의료급여기관의 진료를 받아야 하는 경우에는 의료급여의뢰서(입원 중임을 기재)를 해당 요양병원에서 발급받아 다른 의료급여기관의 외래 이용이 가능합니다. 다만, 요양병원에 입원 중인 의료급여수급권자가 의료급여의뢰서 없이 다른 의료급여기관 이용 시 진료비 전액을 본인이 부담하여야 합니다. ※관련근거 : 「의료급여법 시행규칙」별표1의2 A 15세 이하 아동인 의료급여수급권자가 의료급여의뢰서 없이 제2차의료급여기관에 방문하였습니다. 의료급여를 적용받을 수 있나요? Q13 15세 이하 아동이 의료급여 진료를 받으려는 경우 의료급여 단계별 진료 예외에 해당하여, 의료급여의뢰서가 없어도 제2차의료급여기관에서 의료급여를 적용받을 수 있습니다. ※관련근거:「의료급여법 시행규칙」제3조제1항제14호 A 등록 장애인이 제2차의료급여기관에서 진료를 받을 경우, 제1차의료급여기관의 의료급여의뢰서가 있어야 하나요? Q14 등록한 장애인의 경우 의료급여 단계별 절차 예외에 해당되어 별도의 의료급여의뢰서 없이 제2차의료급여기관에서 진료를 받으실 수 있습니다. 다만, 등록한 장애인이라 하더라도 선택의료 급여기관 대상자인 경우에는 선택의료급여기관의 의료급여의뢰서를 제출하여야 합니다. ※관련근거: 「의료급여법 시행규칙」제3조제1항제11호 A""}]"
q11,2026년 15세 이하 아동이 의료급여의뢰서 없이 제2차 의료급여기관에 방문하면 의료급여를 적용받을 수 있나요?,medium,2026,2026년 15세 이하 아동은 의료급여 단계별 진료 예외에 해당하므로 의료급여의뢰서가 없어도 제2차 의료급여기관에서 의료급여를 적용받을 수 있습니다.,1.0,1.0,0.6667,0.7462,1.0,True,True,"[{""chunk_id"": ""2026-p20-01"", ""source_year"": ""2026"", ""page"": 20, ""score"": 0.4503, ""text"": ""19 Ⅱ. 자주하는 질문 • 요양병원에 입원 중인 의료급여수급권자가 다른 의료급여기관의 진료를 위해선 의료급여의뢰서가 필요한가요? Q12 요양병원 입원 중인 의료급여수급권자가 불가피하게 다른 의료급여기관의 진료를 받아야 하는 경우에는 의료급여의뢰서(입원 중임을 기재)를 해당 요양병원에서 발급받아 다른 의료급여기관의 외래 이용이 가능합니다. 다만, 요양병원에 입원 중인 의료급여수급권자가 의료급여의뢰서 없이 다른 의료급여기관 이용 시 진료비 전액을 본인이 부담하여야 합니다. ※관련근거 : 「의료급여법 시행규칙」별표1의2 A 15세 이하 아동인 의료급여수급권자가 의료급여의뢰서 없이 제2차의료급여기관에 방문하였습니다. 의료급여를 적용받을 수 있나요? Q13 15세 이하 아동이 의료급여 진료를 받으려는 경우 의료급여 단계별 진료 예외에 해당하여, 의료급여의뢰서가 없어도 제2차의료급여기관에서 의료급여를 적용받을 수 있습니다. ※관련근거:「의료급여법 시행규칙」제3조제1항제14호 A 등록 장애인이 제2차의료급여기관에서 진료를 받을 경우, 제1차의료급여기관의 의료급여의뢰서가 있어야 하나요? Q14 등록한 장애인의 경우 의료급여 단계별 절차 예외에 해당되어 별도의 의료급여의뢰서 없이 제2차의료급여기관에서 진료를 받으실 수 있습니다. 다만, 등록한 장애인이라 하더라도 선택의료 급여기관 대상자인 경우에는 선택의료급여기관의 의료급여의뢰서를 제출하여야 합니다. ※관련근거: 「의료급여법 시행규칙」제3조제1항제11호 A""}, {""chunk_id"": ""2025-p21-01"", ""source_year"": ""2025"", ""page"": 21, ""score"": 0.4336, ""text"": ""21 Ⅱ. 자주하는 질문 • 요양병원에 입원 중인 의료급여수급권자가 다른 의료급여기관의 진료를 위해선 의료급여의뢰서가 필요한가요? Q13 요양병원 입원 중인 의료급여수급권자가 불가피하게 다른 의료급여기관의 진료를 받아야 하는 경우에는 의료급여의뢰서(입원 중임을 기재)를 해당 요양병원에서 발급받아 다른 의료급여기관의 외래 이용이 가능합니다. 다만, 요양병원에 입원 중인 의료급여수급권자가 의료급여의뢰서 없이 다른 의료급여기관 이용 시 진료비 전액을 본인이 부담하여야 합니다. ※관련근거 : 「의료급여법 시행규칙」별표1의2 A 15세 이하 아동인 의료급여수급권자가 의료급여의뢰서 없이 제2차 의료급여기관에 방문하였습니다. 의료급여를 적용받을 수 있나요? Q14 15세 이하 아동이 의료급여 진료를 받으려는 경우 의료급여 단계별 진료 예외에 해당하여, 의료급여의뢰서가 없어도 제2차의료급여기관에서 의료급여를 적용받을 수 있습니다. ※관련근거 : 「의료급여법 시행규칙」제3조제1항제14호 A 등록 장애인이 제2차의료급여기관에서 진료를 받을 경우, 제1차 의료급여기관의 의료급여의뢰서가 있어야 하나요? Q15 등록한 장애인의 경우 의료급여 단계별 절차 예외에 해당되어 별도의 의료급여의뢰서 없이 제2차 의료급여기관에서 진료를 받으실 수 있습니다. 다만, 등록한 장애인이라 하더라도 선택의료급여 기관 대상자인 경우에는 선택의료급여기관의 의료급여의뢰서를 제출하여야 합니다. ※관련근거 : 「의료급여법 시행규칙」제3조제1항제11호 A 건강보험 대상자로 제2차진료기관에서 진료의뢰를 받아 제3차진료기관에서 입원진료를 받고 있던 중 의료급여수급권자로 자격이 변동된 경우, 의료급여의뢰서를 재발급 받아야 하나요? Q16 건강보험에서 요양급여를 받고 있던 중 의료급여대상자로 자격이 변동된 경우 다시 의료급여의뢰서를 발급 받을 ""}, {""chunk_id"": ""2025-p24-01"", ""source_year"": ""2025"", ""page"": 24, ""score"": 0.3096, ""text"": ""24 •2025 알기 쉬운 의료급여제도 선택의료급여기관 이용절차 03 선택의료급여기관 적용 대상자입니다. 어떤 경우에 의료급여의뢰서 없이도 진료를 받을 수 있는지 궁금합니다. Q23 응급증상에 해당하거나 장애인 보조기기를 지급받고자 하는 경우에는 선택의료급여기관의 의료급여 의뢰서가 없어도 다른 의료급여기관에서 진료 받을 수 있습니다. ※관련근거 : 「선택의료급여기관 적용 대상자 및 이용절차 등에 관한 규정」제10조 A 제1차의료급여기관이 선택기관으로 등록 되어있는 환자가 선택기관을 거쳐 제2차 의료급여기관의 진료의뢰를 받아서 제3차의료급여기관에 내원한 경우, 제2차의료급여기관의 의료급여의뢰서만 있으면 의료급여가 적용되나요? Q24 위와 같이 선택의료급여기관 적용 대상자가 단계별 절차를 거쳐 제3차의료급여기관으로 재의뢰 되는 경우, 제2차의료급여기관의 의료급여의뢰서가 있으면 제3차의료급여기관에서 의료급여가 적용됩니다. ※관련근거 : 「선택의료급여기관 적용 대상자 및 이용절차 등에 관한 규정」제6조제2항 A 선택의료급여기관 적용대상자가 의료급여의뢰서를 발급받아 제2차 의료급여기관에서 외래 진료를 받은 후, 다른 제2차의료급여기관에 입원해야 하는 경우 의료급여의뢰서를 재발급 받아야 하나요? Q25 선택의료급여기관에서 의뢰된 수급권자는 동일 종별(제2차의료급여기관에서 다른 제2차의료 급여기관)로 재의뢰는 할 수 없습니다. 따라서 위와 같은 경우에 다른 제2차의료급여기관의 진료가 필요하다면 선택의료급여기관에서 의료급여의뢰서를 재발급 받아 입원 예정인 제2차의료 급여기관에 제출하여야 합니다. ※관련근거 : 「선택의료급여기관 적용 대상자 및 이용절차 등에 관한 규정」제6조제2항제2호 A""}, {""chunk_id"": ""2026-p19-01"", ""source_year"": ""2026"", ""page"": 19, ""score"": 0.309, ""text"": ""18 •2026 알기 쉬운 의료급여제도 동일 질환으로 제3차의료급여기관에 재방문할 경우, 의료급여의뢰서를 다시 발급받아 가야하나요? Q8 의료급여의뢰서는 해당 상병의 진료가 종료되는 시점까지 사용이 가능하므로 동일 질환으로 제3차 의료급여기관에 재방문 시 의료급여의뢰서는 재발급 받지 않아도 됩니다. A 제1차의료급여기관에서 의료급여의뢰서를 발급받아 제2차의료급여기관에서 진료를 받은 후, 다른 상병이 있어 동일 진료과에서 진료를 받아야 하는 경우 의료급여의뢰서를 재발급 받아야 하나요? Q9 의료급여의뢰서의 진료 받은 상병과 관련 없는 타 질환으로 진료 받을 경우에는 동일 진료과라 하더라도 의료급여의뢰서를 다시 제출하여야 합니다. A 의료급여수급권자가 제2차의료급여기관에서 제2차의료급여기관으로 혹은 제3차의료급여기관에서 제2차의료급여기관으로 전원하는 경우, 필요한 서류가 무엇인가요? Q10 제2차의료급여기관에서 제2차의료급여기관으로 전원하는 경우에는 의료급여의뢰서를, 제3 차의료급여기관에서 제2차의료급여기관으로 전원하는 경우에는 의료급여회송서를 발급받아 제출하여야 합니다. A 제3차의료급여기관에서 재활운동치료를 받고 있습니다. 제2차의료급여기관으로 전원하려면 어떤 절차를 밟아야하나요? Q11 제3차의료급여기관에서 제2차의료급여기관으로 전원 할 경우 의료급여회송서를 지참하셔야 합니다. 다만 단순 물리치료가 아닌 작업치료, 운동치료 등의 전문재활치료가 필요하여 재활의학과에서 의료급여를 받고자 하는 경우에는 의료급여 단계별 진료의 예외사항에 해당되어 의료급여의뢰서나 의료급여회송서가 없어도 제2차의료급여기관에서 의료급여신청이 가능합니다. ※관련근거:「의료급여법 시행규칙」제3조제1항제9호 A""}, {""chunk_id"": ""2026-p21-01"", ""source_year"": ""2026"", ""page"": 21, ""score"": 0.3082, ""text"": ""20 •2026 알기 쉬운 의료급여제도 희귀질환자인데, 희귀질환 외 다른 상병이 있는 경우에도 의료급여의뢰서 없이 제2차 또는 제3차의료급여기관에서 진료를 받을 수 있나요? Q15 보건복지부장관이 정하여 고시하는 등록 결핵질환, 희귀난치성질환 및 중증질환을 가진 사람이 의료급여를 받으려는 경우 모든 질환에 대하여 의료급여의뢰서 없이 제2차 또는 제3차의료 급여기관에서 진료가 가능합니다. ※관련근거:「의료급여법 시행규칙」제3조제1항제3호 A 건강보험 대상자로 제2차진료기관에서 진료의뢰를 받아 제3차진료기관에서 입원진료를 받고 있던 중 의료급여수급권자로 자격이 변동된 경우, 의료급여의뢰서를 재발급 받아야 하나요? Q16 건강보험에서 요양급여를 받고 있던 중 의료급여대상자로 자격이 변동된 경우 다시 의료급여의뢰 서를 발급 받을 필요는 없습니다. 다만, 입원 및 외래진료 중인 상병의 진료가 종료된 후 관련 없는 상병으로 진료를 받을 경우에는 의료급여 절차에 따라 제1차 및 제2차의료급여기관에서 발행한 의 료급여의뢰서를 발급받아야 합니다. ※관련근거: 행정해석(보관 65730-872호, ’99. 7. 8.) A 의료급여수급권자가 제2차의료급여기관에서 국가 암검진을 받은 결과 이상소견이 발견되어, 해당병원(검진받은 병원)에서 진료를 받으려하는데 제1차의료급여기관의 의료급여의뢰서가 필요한지요? Q17 제2차의료급여기관(병원)에서 국가암검진을 받은 결과 이상소견이 발견되어 진료담당 의사가 검진결과서에 제2차의료급여기관의 진료가 필요하다고 의사소견을 기재한 경우 해당 검진결과서를 의료급여의뢰서로 갈음할 수 있습니다. 따라서 제1차의료급여기관의 의료급여의뢰서 없이도 검진 받은 제2차의료급여기관에서 진료가 가능합니다. ※관련근거: 행정해석(의급 65730-147호, ’03. 4. 24.) A""}]"
q12,2025년 요양병원 입원 중인 의료급여수급권자가 의료급여의뢰서 없이 다른 의료급여기관을 이용하면 어떻게 되나요?,hard,2025,2025년 요양병원 입원 중인 의료급여수급권자가 의료급여의뢰서 없이 다른 의료급여기관을 이용하면 진료비 전액을 본인이 부담해야 합니다.,1.0,1.0,0.6667,0.9083,1.0,False,True,"[{""chunk_id"": ""2026-p20-01"", ""source_year"": ""2026"", ""page"": 20, ""score"": 0.4865, ""text"": ""19 Ⅱ. 자주하는 질문 • 요양병원에 입원 중인 의료급여수급권자가 다른 의료급여기관의 진료를 위해선 의료급여의뢰서가 필요한가요? Q12 요양병원 입원 중인 의료급여수급권자가 불가피하게 다른 의료급여기관의 진료를 받아야 하는 경우에는 의료급여의뢰서(입원 중임을 기재)를 해당 요양병원에서 발급받아 다른 의료급여기관의 외래 이용이 가능합니다. 다만, 요양병원에 입원 중인 의료급여수급권자가 의료급여의뢰서 없이 다른 의료급여기관 이용 시 진료비 전액을 본인이 부담하여야 합니다. ※관련근거 : 「의료급여법 시행규칙」별표1의2 A 15세 이하 아동인 의료급여수급권자가 의료급여의뢰서 없이 제2차의료급여기관에 방문하였습니다. 의료급여를 적용받을 수 있나요? Q13 15세 이하 아동이 의료급여 진료를 받으려는 경우 의료급여 단계별 진료 예외에 해당하여, 의료급여의뢰서가 없어도 제2차의료급여기관에서 의료급여를 적용받을 수 있습니다. ※관련근거:「의료급여법 시행규칙」제3조제1항제14호 A 등록 장애인이 제2차의료급여기관에서 진료를 받을 경우, 제1차의료급여기관의 의료급여의뢰서가 있어야 하나요? Q14 등록한 장애인의 경우 의료급여 단계별 절차 예외에 해당되어 별도의 의료급여의뢰서 없이 제2차의료급여기관에서 진료를 받으실 수 있습니다. 다만, 등록한 장애인이라 하더라도 선택의료 급여기관 대상자인 경우에는 선택의료급여기관의 의료급여의뢰서를 제출하여야 합니다. ※관련근거: 「의료급여법 시행규칙」제3조제1항제11호 A""}, {""chunk_id"": ""2025-p21-01"", ""source_year"": ""2025"", ""page"": 21, ""score"": 0.4616, ""text"": ""21 Ⅱ. 자주하는 질문 • 요양병원에 입원 중인 의료급여수급권자가 다른 의료급여기관의 진료를 위해선 의료급여의뢰서가 필요한가요? Q13 요양병원 입원 중인 의료급여수급권자가 불가피하게 다른 의료급여기관의 진료를 받아야 하는 경우에는 의료급여의뢰서(입원 중임을 기재)를 해당 요양병원에서 발급받아 다른 의료급여기관의 외래 이용이 가능합니다. 다만, 요양병원에 입원 중인 의료급여수급권자가 의료급여의뢰서 없이 다른 의료급여기관 이용 시 진료비 전액을 본인이 부담하여야 합니다. ※관련근거 : 「의료급여법 시행규칙」별표1의2 A 15세 이하 아동인 의료급여수급권자가 의료급여의뢰서 없이 제2차 의료급여기관에 방문하였습니다. 의료급여를 적용받을 수 있나요? Q14 15세 이하 아동이 의료급여 진료를 받으려는 경우 의료급여 단계별 진료 예외에 해당하여, 의료급여의뢰서가 없어도 제2차의료급여기관에서 의료급여를 적용받을 수 있습니다. ※관련근거 : 「의료급여법 시행규칙」제3조제1항제14호 A 등록 장애인이 제2차의료급여기관에서 진료를 받을 경우, 제1차 의료급여기관의 의료급여의뢰서가 있어야 하나요? Q15 등록한 장애인의 경우 의료급여 단계별 절차 예외에 해당되어 별도의 의료급여의뢰서 없이 제2차 의료급여기관에서 진료를 받으실 수 있습니다. 다만, 등록한 장애인이라 하더라도 선택의료급여 기관 대상자인 경우에는 선택의료급여기관의 의료급여의뢰서를 제출하여야 합니다. ※관련근거 : 「의료급여법 시행규칙」제3조제1항제11호 A 건강보험 대상자로 제2차진료기관에서 진료의뢰를 받아 제3차진료기관에서 입원진료를 받고 있던 중 의료급여수급권자로 자격이 변동된 경우, 의료급여의뢰서를 재발급 받아야 하나요? Q16 건강보험에서 요양급여를 받고 있던 중 의료급여대상자로 자격이 변동된 경우 다시 의료급여의뢰서를 발급 받을 ""}, {""chunk_id"": ""2025-p24-01"", ""source_year"": ""2025"", ""page"": 24, ""score"": 0.2994, ""text"": ""24 •2025 알기 쉬운 의료급여제도 선택의료급여기관 이용절차 03 선택의료급여기관 적용 대상자입니다. 어떤 경우에 의료급여의뢰서 없이도 진료를 받을 수 있는지 궁금합니다. Q23 응급증상에 해당하거나 장애인 보조기기를 지급받고자 하는 경우에는 선택의료급여기관의 의료급여 의뢰서가 없어도 다른 의료급여기관에서 진료 받을 수 있습니다. ※관련근거 : 「선택의료급여기관 적용 대상자 및 이용절차 등에 관한 규정」제10조 A 제1차의료급여기관이 선택기관으로 등록 되어있는 환자가 선택기관을 거쳐 제2차 의료급여기관의 진료의뢰를 받아서 제3차의료급여기관에 내원한 경우, 제2차의료급여기관의 의료급여의뢰서만 있으면 의료급여가 적용되나요? Q24 위와 같이 선택의료급여기관 적용 대상자가 단계별 절차를 거쳐 제3차의료급여기관으로 재의뢰 되는 경우, 제2차의료급여기관의 의료급여의뢰서가 있으면 제3차의료급여기관에서 의료급여가 적용됩니다. ※관련근거 : 「선택의료급여기관 적용 대상자 및 이용절차 등에 관한 규정」제6조제2항 A 선택의료급여기관 적용대상자가 의료급여의뢰서를 발급받아 제2차 의료급여기관에서 외래 진료를 받은 후, 다른 제2차의료급여기관에 입원해야 하는 경우 의료급여의뢰서를 재발급 받아야 하나요? Q25 선택의료급여기관에서 의뢰된 수급권자는 동일 종별(제2차의료급여기관에서 다른 제2차의료 급여기관)로 재의뢰는 할 수 없습니다. 따라서 위와 같은 경우에 다른 제2차의료급여기관의 진료가 필요하다면 선택의료급여기관에서 의료급여의뢰서를 재발급 받아 입원 예정인 제2차의료 급여기관에 제출하여야 합니다. ※관련근거 : 「선택의료급여기관 적용 대상자 및 이용절차 등에 관한 규정」제6조제2항제2호 A""}, {""chunk_id"": ""2026-p18-01"", ""source_year"": ""2026"", ""page"": 18, ""score"": 0.2967, ""text"": ""17 Ⅱ. 자주하는 질문 • 의료급여절차 02 의료급여 절차에 따른 의뢰 시, 의료급여의뢰서는 요양급여의뢰서 또는 의사소견서로 대체할 수 있나요? Q4 의료급여의뢰서는 「의료급여법 시행규칙」별지 제3호 서식으로 발급하여야 하며 요양급여의뢰서 또는 의사소견서 등으로 대체할 수 없습니다. ※관련근거: 「의료급여법 시행규칙」제3조, 「2026 의료급여사업안내」 A 의료급여의뢰서는 언제까지 제출해야 하나요? Q5 의료급여의뢰서는 발급받은 날부터 7일(공휴일 제외) 이내에 제출하여야 합니다. 7일 이내에 진료를 예약하고 진료 받는 때에 의료급여의뢰서를 제출하는 경우에는 예약접수일을 제출일로 봅니다. ※관련근거: 「의료급여법 시행규칙」제3조제4항 A 의료급여수급권자가 의료급여의뢰서를 팩스로 발급해 달라고 요청하는데 발급해도 되나요? Q6 의료급여의뢰서는 진찰결과 또는 진료 중에 제2차 또는 제3차의료급여기관의 진료가 필요하다고 판단되는 경우 진료를 담당한 의사가 진료의견을 기재하여 발급토록 하고 있습니다. 따라서 환자가 진료를 받지 않고 의료급여의뢰서를 팩스로 요청할 경우, 진료 후 발급이 가능함을 안내하여야 합니다. A 의료급여수급권자가 퇴원 후 예약진료를 받기 위해 병원을 방문한 경우 의료급여의뢰서를 제출하여야 하나요? Q7 의료급여수급권자가 동일한 상병의 입원진료 종료 후 해당 상병의 치료와 관련된 외래진료를 받기 위해 진료기관에 재 내원한 경우에는 별도의 의료급여의뢰서를 제출할 필요가 없습니다. ※관련근거: 행정해석(보관 65730-368호, ’01. 4. 2.) A""}, {""chunk_id"": ""2025-p19-01"", ""source_year"": ""2025"", ""page"": 19, ""score"": 0.2962, ""text"": ""19 Ⅱ. 자주하는 질문 • 의료급여절차 02 의료급여 절차에 따른 의뢰 시, 의료급여의뢰서는 요양급여의뢰서 또는 의사소견서로 대체할 수 있나요? Q5 의료급여의뢰서는 「의료급여법 시행규칙」별지 제3호 서식으로 발급하여야 하며 요양급여의뢰서 또는 의사소견서 등으로 대체할 수 없습니다. ※관련근거 : 「의료급여법 시행규칙」제3조, 「2024 의료급여사업안내」 A 의료급여의뢰서는 언제까지 제출해야 하나요? Q6 의료급여의뢰서는 발급받은 날부터 7일(공휴일 제외) 이내에 제출하여야 합니다. 7일 이내에 진료를 예약하고 진료 받는 때에 의료급여의뢰서를 제출하는 경우에는 예약접수일을 제출일로 봅니다. ※관련근거 : 「의료급여법 시행규칙」제3조제4항 A 의료급여수급권자가 의료급여의뢰서를 팩스로 발급해 달라고 요청하는데 발급해도 되나요? Q7 의료급여의뢰서는 진찰결과 또는 진료 중에 제2차 또는 제3차의료급여기관의 진료가 필요하다고 판단되는 경우 진료를 담당한 의사가 진료의견을 기재하여 발급토록 하고 있습니다. 따라서 환자가 진료를 받지 않고 의료급여의뢰서를 팩스로 요청할 경우, 진료 후 발급이 가능함을 안내하여야 합니다. A 의료급여수급권자가 퇴원 후 예약진료를 받기 위해 병원을 방문한 경우 의료급여의뢰서를 제출하여야 하나요? Q8 의료급여수급권자가 동일한 상병의 입원진료 종료 후 해당 상병의 치료와 관련된 외래진료를 받기 위해 진료기관에 재 내원한 경우에는 별도의 의료급여의뢰서를 제출할 필요가 없습니다. ※관련근거 : 행정해석(보관 65730-368호, ‘01.04.02.) A""}]"
q13,2025년 자료에 따르면 보호출산제 도입으로 의료급여법 시행규칙이 어떻게 바뀌었나요?,medium,2025,2025년 자료는 보호출산제 도입으로 위기임산부가 의료기관에서 가명으로 산전검진과 출산 관련 진료를 받을 수 있는 법적 근거가 마련되었다고 설명합니다.,1.0,0.3333,1.0,0.6333,1.0,False,True,"[{""chunk_id"": ""2026-p04-01"", ""source_year"": ""2026"", ""page"": 4, ""score"": 0.1587, ""text"": ""2026 알기 쉬운 의료급여제도 01. 의료급여제도 개요 02. 의료급여 절차 03. 의료급여 본인일부부담금 04. 2025년 변경된 의료급여제도 05. 의료급여기준 이력관리시스템 5 6 9 13 15 • 의료급여제도 • Ⅰ""}, {""chunk_id"": ""2025-p02-01"", ""source_year"": ""2025"", ""page"": 2, ""score"": 0.158, ""text"": ""2025 알기 쉬운 의료급여제도""}, {""chunk_id"": ""2025-p13-01"", ""source_year"": ""2025"", ""page"": 13, ""score"": 0.129, ""text"": ""13 Ⅰ. 의료급여제도 • 비상진료 추가 지원방안 수가 지원 (2024.3.11.시행) 1 ○ 의사 집단행동에 따른 진료 차질 최소화 위해 비상진료에 대한 의료급여 실시 - 응급 진찰료 수가 신설, 응급환자 응급의료행위[별표1] 가산 한시적 확대, 중증입원환자 비상진료 정책 지원금, 중증환자 진료에 대한 보상, 회송료 수가 인상 등 ※ 관련근거 : 「비상진료 추가 지원방안(건강보험, 의료급여) 수가 지원」 보험급여과-1028호 「노숙인진료시설 지정 등에 관한 고시」 일부개정(2024.3.22.시행) 2 ○ 전체 제1차·제2차의료급여기관을 노숙인진료시설(요양병원 제외)로 지정 확대 유효기간 1년 연장(유효기간: 2024.3.22.~2025.3.21.) ※ 관련근거 :「노숙인진료시설 지정 등에 관한 고시」 고시 제2024-40호 ○ 노숙인 의료접근성을 지속 제고하기 위해 감염병 위기경보 발령과 상관없이 전체 제1차 및 제2차 의료급여기관을 노숙인진료시설로 지정(유효기간: 2024.5.8.~2025.3.21.) ※ 관련근거 : 「노숙인진료시설 지정 등에 관한 고시」 고시 제2024-80호 보철물(틀니)의 유지관리 관련 장애인 가산수가 신설 (2024.3.27.시행) 3 ○ 치과처치·수술료 보철물의 유지관리 주항에 따른 장애인 가산수가(수가코드 UH664~UH674)를 산정하는 경우 해당 가산금액은 의료급여기금에서 지원 ※ 관련근거 : 「보철물(틀니)의 유지관리 장애인 치과 가산 수가 의료급여비용 청구방법 안내」 기초의료보장과 -4422호 보호출산제 도입에 따른 「의료급여법 시행규칙」 일부개정 (2024.7.19.시행) 4 ○ 사회적·경제적 어려움 등으로 출산·양육을 고민하는 위기임산부가 의료기관에서 가명으로 산전검진 및 출산 관련 진료를 받을 수 있도록 하는 법적 근거 마련 ※ 관련근거 :""}, {""chunk_id"": ""2026-p23-01"", ""source_year"": ""2026"", ""page"": 23, ""score"": 0.1234, ""text"": ""22 •2026 알기 쉬운 의료급여제도 야간에 의료급여의뢰서 없이 제2차의료급여기관 응급실에서 진료를 받았는데, 응급증상이 아니어서 의료비 전액(100/100)을 부담했습니다. 의료비 전액을 환자가 부담하는 게 맞는지요? Q21 제1차의료급여기관의 의료급여의뢰서 없이 제2차 또는 제3차의료급여기관의 응급실을 이용하는 경우 응급증상 또는 이에 준하는 증상에 해당되지 않으면 의료급여 단계별 절차 위반으로 의료비 전액(응급의료관리료, 진찰료, 검사비 등)을 환자가 부담하여야 합니다. ※관련근거: 「응급의료에 관한 법률 시행규칙」[별표1] 및 「의료급여법 시행규칙」별표1의2 A 의료급여의뢰서 없이 제2차의료급여기관을 방문하여 진료를 받았습니다. 그리고 제3차의료급여기관에서 진료를 받기 위해 제2차의료급여기관의 의뢰서를 발급받은 경우, 제3차의료급여기관의 진료비는 의료급여 혜택을 받을 수 있나요? Q22 「의료급여법 시행규칙」별표1의2에 의하여 수급권자가 제3조의 규정에 의한 의료급여 절차에 의하지 아니하고 의료급여기관을 이용한 경우에 소요된 진료비용은 총액의 100분의100 본인 부담률을 적용해야 합니다. 위와 같은 경우는 정당한 의료급여 절차에 해당한다고 볼 수 없으므로 의료급여 혜택을 받을 수 없습니다. ※관련근거: 「의료급여법 시행규칙」제19조 A""}, {""chunk_id"": ""2025-p23-01"", ""source_year"": ""2025"", ""page"": 23, ""score"": 0.1186, ""text"": ""23 Ⅱ. 자주하는 질문 • 응급환자가 응급진료를 받은 후, 익일에 진료를 받으러 온 경우에는 의료급여의뢰서가 필요한가요? Q20 「응급의료에 관한 법률 시행규칙」제2조 및 동법 시행규칙 별표1에서 정한 응급진료를 받은 후 익일에 동일 의료급여기관에서 외래진료를 받는 경우 정당한 진료전달체계를 거친 것으로 보고 의료급여가 가능합니다. 그러나 익일 이후에 응급증상이 아닌 것으로 재방문한 경우에는 의료급여 단계별 절차 예외사항에 해당하지 아니하므로, 의료급여 절차를 지켜 의료급여의뢰서를 발급받아 제출하여야 합니다. ※관련근거 : 행정해석(의급 65730-117호, ‘03.04.02.) A 야간에 의료급여의뢰서 없이 제2차의료급여기관 응급실에서 진료를 받았는데, 응급증상이 아니어서 의료비 전액(100/100)을 부담했습니다. 의료비 전액을 환자가 부담하는 게 맞는지요? Q21 제1차의료급여기관의 의료급여의뢰서 없이 제2차 또는 제3차의료급여기관의 응급실을 이용하는 경우 응급증상 또는 이에 준하는 증상에 해당되지 않으면 의료급여 단계별 절차 위반으로 의료비 전액(응급의료관리료, 진찰료, 검사비 등)을 환자가 부담하여야 합니다. ※관련근거 : 「응급의료수가기준」 및 「의료급여법 시행규칙」별표1의2 A 의료급여의뢰서 없이 제2차의료급여기관을 방문하여 진료를 받았습니다. 그리고 제3차의료급여기관에서 진료를 받기 위해 제2차의료급여기관의 의뢰서를 발급받은 경우, 제3차의료급여기관의 진료비는 의료급여 혜택을 받을 수 있나요? Q22 「의료급여법 시행규칙」별표1의2에 의하여 수급권자가 제3조의 규정에 의한 의료급여 절차에 의하지 아니하고 의료급여기관을 이용한 경우에 소요된 진료비용은 총액의 100분의 100 본인 부담률을 적용해야 합니다. 위와 같은 경우는 정당한 의료급여 절차에 해당한다고 볼 수 없으""}]"
q14,2026년 국가건강검진 후 확진검사의 의료급여 적용 대상은 어떻게 확대되었나요?,hard,2026,"2026년 자료는 국가건강검진 후 확진검사 의료급여 적용 대상에 우울증·조기정신증 의심 질환을 추가하고, 당뇨병 확진 검사 항목과 이상지질혈증 의심 질환도 추가했다고 설명합니다.",1.0,0.5,0.0,0.7556,1.0,True,True,"[{""chunk_id"": ""2026-p22-01"", ""source_year"": ""2026"", ""page"": 22, ""score"": 0.2365, ""text"": ""21 Ⅱ. 자주하는 질문 • 응급증상으로 병원에 갈 경우, 반드시 응급실에서 진료를 받아야만 의료급여가 가능한가요? Q19 「응급의료에 관한 법률」제2조제1호에 해당하는 응급환자인 경우 의료급여의뢰서 없이 응급실과 외래진료 모두 의료급여 혜택을 받을 수 있습니다. ※관련근거:「의료급여법 시행규칙」제3조제1항제1호 A 응급환자가 응급진료를 받은 후, 익일에 진료를 받으러 온 경우에는 의료급여의뢰서가 필요한가요? Q20 「응급의료에 관한 법률 시행규칙」제2조 및 동법 시행규칙 별표1에서 정한 응급진료를 받은 후 익일에 동일 의료급여기관에서 외래진료를 받는 경우 정당한 진료전달체계를 거친 것으로 보고 의료급여가 가능합니다. 그러나 익일 이후에 응급증상이 아닌 것으로 재방문한 경우에는 의료급여 단계별 절차 예외사항에 해당하지 아니하므로, 의료급여 절차를 지켜 의료급여의뢰서를 발급받아 제출하여야 합니다. ※관관련근거: 행정해석(의급 65730-117호, ’03. 4. 2.) A 제2차의료급여기관에서 국가건강검진을 받았습니다. 검진결과 고혈압, 당뇨병, 결핵, 우울증, 조기정신증, 이상지질혈증 등 질환이 의심되어 확진검사를 받고자 하는데 검진기관인 제2차의료급여기관에서 가능할까요? Q18 일반건강검진 결과 고혈압, 당뇨병, 결핵, 우울증, 조기정신증, 이상지질혈증 등 질환이 의심되어 확진검사를 받고자 하는 의료급여수급권자는 제1차의료급여기관(의원급)에서 확진검사를 받아야합니다. 다만, 「의료급여법 시행규칙」제3조에 따른 의료급여절차 예외자의 경우에는 제2차 또는 제3차의료급여기관에서 확진검사를 받을 수 있습니다. ※관련근거: “국가건강검진 후 확진검사 의료급여 적용 관련 질의응답 안내”(기초의료보장과-107호, ’26. 1. 6.) A""}, {""chunk_id"": ""2025-p14-01"", ""source_year"": ""2025"", ""page"": 14, ""score"": 0.2116, ""text"": ""14 •2025 알기 쉬운 의료급여제도 ○ 만성신부전증환자 외래진료에 인공신장투석을 위한 시술·수술 관련 진료를 추가하여 적용범위 확대 및 건강보험요양급여비용의 분만 공공정책수가를 서식 개정하여 의료급여 환자에 적용 ※ 관련근거 : 「의료급여수가의 기준 및 일반기준」제17조, [별표1] 만성신부전증환자의 산정특례 적용범위 정비와 분만 공공정책수가 적용 (2024.7.30.시행) 5 ○ 국가건강검진을 받은 의료급여 수급권자가 검사결과에 따라 고혈압·당뇨병·결핵 질환 확진을 위한 경우에 우울증·조기정신증 질환을 의심하는 경우도 추가하여 외래에서 실시하는 추가 진료 및 검사를 적용받도록 안내 ※ 관련근거 : 「건강검진기본법」, 「의료급여법 시행령」 [별표1] 국가건강검진 후 확진검사 우울증·조기정신증 질환 의심 시 의료급여 적용 (2025.1.1.시행) 7 ○ 코로나19 치료제 급여등재에 따른 의료급여 본인부담 면제 조항 신설 ※ 관련근거 : 「의료급여법 시행령」 [별표1] 제3호 마목, 「의료급여수가의 기준 및 일반기준」 제17조의14 감염병 환자에 대한 의료급여 법적 근거 마련 (2024.10.25.시행) 6""}, {""chunk_id"": ""2025-p22-01"", ""source_year"": ""2025"", ""page"": 22, ""score"": 0.1951, ""text"": ""22 •2025 알기 쉬운 의료급여제도 응급증상으로 병원에 갈 경우, 반드시 응급실에서 진료를 받아야만 의료급여가 가능한가요? Q19 「응급의료에 관한 법률」제2조제1호에 해당하는 응급환자인 경우 의료급여의뢰서 없이 응급실과 외래진료 모두 의료급여 혜택을 받을 수 있습니다. ※관련근거 : 「의료급여법 시행규칙」제3조제1항제1호 A 의료급여수급권자가 제2차의료급여기관에서 국가 암검진을 받은 결과 이상소견이 발견되어, 해당병원(검진받은 병원)에서 진료를 받으려하는데 제1차의료급여기관의 의료급여의뢰서가 필요한지요? Q17 제2차의료급여기관(병원)에서 국가암검진을 받은 결과 이상소견이 발견되어 진료담당 의사가 검진결과서에 제2차의료급여기관의 진료가 필요하다고 의사소견을 기재한 경우 해당 검진결과서를 의료급여의뢰서로 갈음할 수 있습니다. 따라서 제1차의료급여기관의 의료급여의뢰서 없이도 검진 받은 제2차의료급여기관에서 진료가 가능합니다. ※관련근거 : 행정해석(의급 65730-147호, ‘03.04.24.) A 제2차의료급여기관에서 국가건강검진을 받았습니다. 검진결과 고혈압, 당뇨병, 결핵, 우울증, 조기정신증 등 질환이 의심되어 확진검사를 받고자 하는데 검진기관인 제2차의료급여기관에서 가능할까요? Q18 일반건강검진 결과 고혈압, 당뇨병, 결핵, 우울증, 조기정신증 등 질환이 의심되어 확진검사를 받고자 하는 의료급여수급권자는 제1차의료급여기관(의원급)에서 확진검사를 받아야합니다. 다만, 「의료급여법 시행규칙」제3조에 따른 의료급여절차 예외자의 경우에는 제2차 또는 제3차 의료급여기관에서 확진검사를 받을 수 있습니다. ※관련근거 : 행정해석(기초의료보장과-901호, ‘18.01.25.) A""}, {""chunk_id"": ""2026-p13-01"", ""source_year"": ""2026"", ""page"": 13, ""score"": 0.1416, ""text"": ""12 •2026 알기 쉬운 의료급여제도 국가건강검진 후 확진검사의 대상확대 등 의료급여 적용 (’25. 1. 1., ’26. 1. 1. 시행) 1 ○ 국가건강검진을 받은 의료급여 수급권자가 검사결과에 따라 고혈압·당뇨병·결핵 질환 확진을 위한 경우에 우울증·조기정신증 질환을 의심하는 경우도 추가하여 외래에서 실시하는 추가 진료 및 검사를 본인부담 면제 적용받도록 안내(’25. 1. 1. 시행) ○ 당뇨병 질환 확진을 위한 경우에 검사 항목 추가, 이상지질혈증 질환을 의심하는 경우도 추가하여 외래에서 실시하는 추가 진료 및 검사를 본인부담 면제 적용받도록 안내(’26. 1. 1. 시행) ※ 관련근거 :「건강검진기본법」, 「의료급여법 시행령」 [별표1] 「노숙인진료시설 지정 등에 관한 고시」 일부개정(’25. 3. 22. 시행) 2 ○ 노숙인 의료접근성을 지속 제고하기 위해 전체 제1·2차의료급여기관을 노숙인진료시설(요양병원 제외)로 지정 확대 유효기간 3년 연장(유효기간: ’25. 3. 22.~ ’28. 3. 21.) ※ 관련근거 :「노숙인진료시설 지정 등에 관한 고시」 고시 제2025-46호 의료급여 정신과 수가 개선(‘25. 7. 1., 10. 1., ’26. 1. 1. 시행) 3 2025년 변경된 의료급여제도 04 시행일 개정 내역 ’25. 7. 1. ○ 정신과 폐쇄병동 입원 시 정액수가 12% 가산 적용 ○ 정신과 입원 정액수가 외 격리보호료 별도 산정 신설 ※ 관련근거: 「의료급여수가의 기준 및 일반기준」 고시 제2025-103호 ’25. 10. 1. ○ 격리보호료를 정신안정실 관리료로 명칭 변경 ※ 관련근거: 「의료급여수가의 기준 및 일반기준」 고시 제2025-171호 ○ 정신질환 외래 진료 시, 항정신병 장기지속형주사제 본인부담률 5→2% 완화 ※ 관련근거: 「의료급여법 시""}, {""chunk_id"": ""2026-p04-01"", ""source_year"": ""2026"", ""page"": 4, ""score"": 0.1092, ""text"": ""2026 알기 쉬운 의료급여제도 01. 의료급여제도 개요 02. 의료급여 절차 03. 의료급여 본인일부부담금 04. 2025년 변경된 의료급여제도 05. 의료급여기준 이력관리시스템 5 6 9 13 15 • 의료급여제도 • Ⅰ""}]"
q15,노숙인진료시설 지정 확대의 유효기간은 2025년 자료와 2026년 자료에서 어떻게 달라졌나요?,cross-year,2025+2026,"2025년 자료는 전체 제1·2차 의료급여기관의 노숙인진료시설 지정 확대 유효기간을 2024년 3월 22일부터 2025년 3월 21일까지로 안내했고, 2026년 자료는 이를 2025년 3월 22일부터 2028년 3월 21일까지 3년 연장했다고 설명합니다.",1.0,1.0,0.5556,0.67,1.0,True,True,"[{""chunk_id"": ""2025-p13-01"", ""source_year"": ""2025"", ""page"": 13, ""score"": 0.2894, ""text"": ""13 Ⅰ. 의료급여제도 • 비상진료 추가 지원방안 수가 지원 (2024.3.11.시행) 1 ○ 의사 집단행동에 따른 진료 차질 최소화 위해 비상진료에 대한 의료급여 실시 - 응급 진찰료 수가 신설, 응급환자 응급의료행위[별표1] 가산 한시적 확대, 중증입원환자 비상진료 정책 지원금, 중증환자 진료에 대한 보상, 회송료 수가 인상 등 ※ 관련근거 : 「비상진료 추가 지원방안(건강보험, 의료급여) 수가 지원」 보험급여과-1028호 「노숙인진료시설 지정 등에 관한 고시」 일부개정(2024.3.22.시행) 2 ○ 전체 제1차·제2차의료급여기관을 노숙인진료시설(요양병원 제외)로 지정 확대 유효기간 1년 연장(유효기간: 2024.3.22.~2025.3.21.) ※ 관련근거 :「노숙인진료시설 지정 등에 관한 고시」 고시 제2024-40호 ○ 노숙인 의료접근성을 지속 제고하기 위해 감염병 위기경보 발령과 상관없이 전체 제1차 및 제2차 의료급여기관을 노숙인진료시설로 지정(유효기간: 2024.5.8.~2025.3.21.) ※ 관련근거 : 「노숙인진료시설 지정 등에 관한 고시」 고시 제2024-80호 보철물(틀니)의 유지관리 관련 장애인 가산수가 신설 (2024.3.27.시행) 3 ○ 치과처치·수술료 보철물의 유지관리 주항에 따른 장애인 가산수가(수가코드 UH664~UH674)를 산정하는 경우 해당 가산금액은 의료급여기금에서 지원 ※ 관련근거 : 「보철물(틀니)의 유지관리 장애인 치과 가산 수가 의료급여비용 청구방법 안내」 기초의료보장과 -4422호 보호출산제 도입에 따른 「의료급여법 시행규칙」 일부개정 (2024.7.19.시행) 4 ○ 사회적·경제적 어려움 등으로 출산·양육을 고민하는 위기임산부가 의료기관에서 가명으로 산전검진 및 출산 관련 진료를 받을 수 있도록 하는 법적 근거 마련 ※ 관련근거 :""}, {""chunk_id"": ""2026-p13-01"", ""source_year"": ""2026"", ""page"": 13, ""score"": 0.1825, ""text"": ""12 •2026 알기 쉬운 의료급여제도 국가건강검진 후 확진검사의 대상확대 등 의료급여 적용 (’25. 1. 1., ’26. 1. 1. 시행) 1 ○ 국가건강검진을 받은 의료급여 수급권자가 검사결과에 따라 고혈압·당뇨병·결핵 질환 확진을 위한 경우에 우울증·조기정신증 질환을 의심하는 경우도 추가하여 외래에서 실시하는 추가 진료 및 검사를 본인부담 면제 적용받도록 안내(’25. 1. 1. 시행) ○ 당뇨병 질환 확진을 위한 경우에 검사 항목 추가, 이상지질혈증 질환을 의심하는 경우도 추가하여 외래에서 실시하는 추가 진료 및 검사를 본인부담 면제 적용받도록 안내(’26. 1. 1. 시행) ※ 관련근거 :「건강검진기본법」, 「의료급여법 시행령」 [별표1] 「노숙인진료시설 지정 등에 관한 고시」 일부개정(’25. 3. 22. 시행) 2 ○ 노숙인 의료접근성을 지속 제고하기 위해 전체 제1·2차의료급여기관을 노숙인진료시설(요양병원 제외)로 지정 확대 유효기간 3년 연장(유효기간: ’25. 3. 22.~ ’28. 3. 21.) ※ 관련근거 :「노숙인진료시설 지정 등에 관한 고시」 고시 제2025-46호 의료급여 정신과 수가 개선(‘25. 7. 1., 10. 1., ’26. 1. 1. 시행) 3 2025년 변경된 의료급여제도 04 시행일 개정 내역 ’25. 7. 1. ○ 정신과 폐쇄병동 입원 시 정액수가 12% 가산 적용 ○ 정신과 입원 정액수가 외 격리보호료 별도 산정 신설 ※ 관련근거: 「의료급여수가의 기준 및 일반기준」 고시 제2025-103호 ’25. 10. 1. ○ 격리보호료를 정신안정실 관리료로 명칭 변경 ※ 관련근거: 「의료급여수가의 기준 및 일반기준」 고시 제2025-171호 ○ 정신질환 외래 진료 시, 항정신병 장기지속형주사제 본인부담률 5→2% 완화 ※ 관련근거: 「의료급여법 시""}, {""chunk_id"": ""2025-p02-01"", ""source_year"": ""2025"", ""page"": 2, ""score"": 0.1505, ""text"": ""2025 알기 쉬운 의료급여제도""}, {""chunk_id"": ""2026-p04-01"", ""source_year"": ""2026"", ""page"": 4, ""score"": 0.1189, ""text"": ""2026 알기 쉬운 의료급여제도 01. 의료급여제도 개요 02. 의료급여 절차 03. 의료급여 본인일부부담금 04. 2025년 변경된 의료급여제도 05. 의료급여기준 이력관리시스템 5 6 9 13 15 • 의료급여제도 • Ⅰ""}, {""chunk_id"": ""2025-p09-01"", ""source_year"": ""2025"", ""page"": 9, ""score"": 0.0982, ""text"": ""9 Ⅰ. 의료급여제도 • 의료급여기관 이용 시 본인부담률 및 부담액 1 ※ 경증질환 약국 약제비 본인부담률 3% 적용 ※ 비급여는 전액본인부담, 선별급여는 항목별로 30~90% 본인부담 ※ 요양병원 입원환자가 의료급여의뢰서 없이 다른 의료기관 이용 시 진료비 전액 본인부담 ※ 연장승인(선택의료급여기관) 미신청자(불승인자) 본인부담률 입원 20%, 외래 및 약국 30% 의료급여 본인일부부담금 03 구분 1차 (의원) 2차 (병원, 종합병원) 3차 (상급종합병원) 약국 CT, MRI, PET 등 1종 입원 무 료 - 무 료 외래 1,000원 1,500원 2,000원 500원 5% 2종 입원 10% 10% 10% - 10% 외래 1,000원 15% 15% 500원 15% 본인부담금 면제자 2 ※ 관련근거 :「의료급여법 시행령」제13조, [별표1], 동법 「시행규칙」 제19조의4 구분 대 상 자 1종 • 18세 미만인 자 • 20세 미만인 자로 중고등학교 재학 중인 자 • 임산부 • 가정간호대상자 • 선택의료급여기관 이용자 * 응급상황 및 장애인 보조기기를 지급받으려는 경우 선택의료급여기관이 아닌 다른 의료급여기관에서 외래진료 받은 경우 본인부담금 면제 • 행려환자 • 노숙인 진료시설을 이용하는 노숙인 * 의뢰없이 발생한 응급·분만으로 노숙인 진료시설 이외의 의료급여기관을 이용하거나 노숙인 진료시설 에서 의뢰되어 제3차의료급여기관을 이용하는 경우 본인부담금 면제 • 보건복지부장관이 정하여 고시하는 결핵질환, 희귀난치성질환 또는 중증질환을 가진 사람 * (구)등록 희귀난치성환자(2013.9.30. 이전 적용 수급권자) 포함 2종 • 입원 본인부담 면제자 : 자연분만, 제왕절개분만, 6세 미만 아동 • 외래 본인부담 면제자 : 1세 미만 아동(의원급 진료) • 중증질환자 중 뇌혈관·심장질환자(수""}]"
